{"dataset": "CiteSeer", "split": "public", "model": "GCN2_HBP", "device": 0, "seed": 0, "runs": 5, "epochs": 200, "lr": 0.01, "weight_decay": 0.0005, "early_stopping": 0, "hidden": 16, "dropout": 0.5, "normalize_features": true, "logger": "GCN2_HBP-h2.0-CiteSeer-public-Adam", "optimizer": "Adam", "momentum": 0.9, "eps": 0.01, "update_freq": 50, "hyperparam": null, "alpha": 0, "regularization": null, "hyperbolicity": 2.0, "loss": 1.4246071577072144, "acc": 0.7343999999999999, "loss_std": 0.004858821164816618, "acc_std": 0.005128352561983239, "duration": 17.151824951171875, "duration_std": 0.3597525954246521, "f1": 0.6968261584841081, "f1_std": 0.0034366635681645314, "auc": 0.9052778924061737, "auc_std": 0.0018787648140741724, "nmi": 0.4743292733283423, "nmi_std": 0.005606530267574178, "ari": 0.4991036057472229, "ari_std": 0.010332085192203522, "recall_1": 0.7343999999999999, "recall_1_std": 0.005128352561983239, "recall_2": 0.8762000203132629, "recall_2_std": 0.0067601799964904785}