{"dataset": "PubMed", "split": "public", "model": "GCN2_HBP", "device": 0, "seed": 0, "runs": 5, "epochs": 200, "lr": 0.01, "weight_decay": 0.0005, "early_stopping": 0, "hidden": 16, "dropout": 0.5, "normalize_features": true, "logger": "GCN2_HBP-h0.001-PubMed-public-Adam", "optimizer": "Adam", "momentum": 0.9, "eps": 0.01, "update_freq": 50, "hyperparam": null, "alpha": 0, "regularization": null, "hyperbolicity": 0.001, "loss": 0.5717273950576782, "acc": 0.7932, "loss_std": 0.022389329969882965, "acc_std": 0.007918333157931669, "duration": 31.34173011779785, "duration_std": 0.5998605489730835, "f1": 0.7898235878073729, "f1_std": 0.006154225720165271, "auc": 0.9164827858895656, "auc_std": 0.0017826784953956947, "nmi": 0.3958961603128207, "nmi_std": 0.012587297868761345, "ari": 0.4579797685146332, "ari_std": 0.01965438202023506, "recall_1": 0.7932, "recall_1_std": 0.007918333157931669, "recall_2": 0.9654000401496887, "recall_2_std": 0.0018165980000048876}