{"dataset": "CiteSeer", "split": "public", "model": "GCN2_HBP", "device": 0, "seed": 0, "runs": 5, "epochs": 200, "lr": 0.01, "weight_decay": 0.0005, "early_stopping": 0, "hidden": 16, "dropout": 0.5, "normalize_features": true, "logger": "GCN2_HBP-h0.001-CiteSeer-public-Adam", "optimizer": "Adam", "momentum": 0.9, "eps": 0.01, "update_freq": 50, "hyperparam": null, "alpha": 0, "regularization": null, "hyperbolicity": 0.001, "loss": 0.9460945129394531, "acc": 0.7165999999999999, "loss_std": 0.027024969458580017, "acc_std": 0.0027018512172212617, "duration": 17.32503890991211, "duration_std": 0.28858017921447754, "f1": 0.6780609008897919, "f1_std": 0.005986076415227353, "auc": 0.8982928930113415, "auc_std": 0.004094132080785919, "nmi": 0.44623004661123, "nmi_std": 0.0076050677035256345, "ari": 0.47019919753074646, "ari_std": 0.00698429998010397, "recall_1": 0.7165999999999999, "recall_1_std": 0.0027018512172212617, "recall_2": 0.8614000082015991, "recall_2_std": 0.004615180194377899}