{"dataset": "Cora", "split": "public", "model": "GCN2_HBP", "device": 0, "seed": 0, "runs": 5, "epochs": 200, "lr": 0.01, "weight_decay": 0.0005, "early_stopping": 0, "hidden": 16, "dropout": 0.5, "normalize_features": true, "logger": "GCN2_HBP-h200.0-Cora-public-Adam", "optimizer": "Adam", "momentum": 0.9, "eps": 0.01, "update_freq": 50, "hyperparam": null, "alpha": 0, "regularization": null, "hyperbolicity": 200.0, "loss": 1.9060709476470947, "acc": 0.8068, "loss_std": 0.001272060559131205, "acc_std": 0.008642916174532733, "duration": 19.528018951416016, "duration_std": 0.3372514843940735, "f1": 0.7873649068387465, "f1_std": 0.008989065991352435, "auc": 0.9608481395208605, "auc_std": 0.005124039226478956, "nmi": 0.6080134335816058, "nmi_std": 0.008027833583827824, "ari": 0.6201423406600952, "ari_std": 0.016514034941792488, "recall_1": 0.8068, "recall_1_std": 0.008642916174532733, "recall_2": 0.9143999814987183, "recall_2_std": 0.007231869734823704}