{"dataset": "Cora", "split": "public", "model": "GCN2_HBP", "device": 0, "seed": 0, "runs": 5, "epochs": 200, "lr": 0.01, "weight_decay": 0.0005, "early_stopping": 0, "hidden": 16, "dropout": 0.5, "normalize_features": true, "logger": "GCN2_HBP-h0.01-Cora-public-Adam", "optimizer": "Adam", "momentum": 0.9, "eps": 0.01, "update_freq": 50, "hyperparam": null, "alpha": 0, "regularization": null, "hyperbolicity": 0.01, "loss": 0.6553025841712952, "acc": 0.8318, "loss_std": 0.025839997455477715, "acc_std": 0.00544977063737549, "duration": 19.194082260131836, "duration_std": 0.42970728874206543, "f1": 0.8186646920984517, "f1_std": 0.006804958601582791, "auc": 0.9711196353688974, "auc_std": 0.0008661844074434975, "nmi": 0.6332301319426692, "nmi_std": 0.01015982575562323, "ari": 0.6587255597114563, "ari_std": 0.01045839674770832, "recall_1": 0.8318, "recall_1_std": 0.00544977063737549, "recall_2": 0.9416000247001648, "recall_2_std": 0.00279286433942616}