{"dataset": "CiteSeer", "split": "public", "model": "GCN2_HBP", "device": 0, "seed": 0, "runs": 5, "epochs": 200, "lr": 0.01, "weight_decay": 0.0005, "early_stopping": 0, "hidden": 16, "dropout": 0.5, "normalize_features": true, "logger": "GCN2_HBP-h10.0-CiteSeer-public-Adam", "optimizer": "Adam", "momentum": 0.9, "eps": 0.01, "update_freq": 50, "hyperparam": null, "alpha": 0, "regularization": null, "hyperbolicity": 10.0, "loss": 1.62449049949646, "acc": 0.7258, "loss_std": 0.005575698800384998, "acc_std": 0.008197560612767685, "duration": 17.15178108215332, "duration_std": 0.16309641301631927, "f1": 0.6866804229218421, "f1_std": 0.005752091623939879, "auc": 0.9073383244804478, "auc_std": 0.001870473212425141, "nmi": 0.46624334230253134, "nmi_std": 0.005754617491194251, "ari": 0.48337069153785706, "ari_std": 0.012235891073942184, "recall_1": 0.7258, "recall_1_std": 0.008197560612767685, "recall_2": 0.8725999593734741, "recall_2_std": 0.008203651756048203}