{"dataset": "CiteSeer", "split": "public", "model": "GCN2_HBP", "device": 0, "seed": 0, "runs": 5, "epochs": 200, "lr": 0.01, "weight_decay": 0.0005, "early_stopping": 0, "hidden": 16, "dropout": 0.5, "normalize_features": true, "logger": "GCN2_HBP-h0.5-CiteSeer-public-Adam", "optimizer": "Adam", "momentum": 0.9, "eps": 0.01, "update_freq": 50, "hyperparam": null, "alpha": 0, "regularization": null, "hyperbolicity": 0.5, "loss": 1.1572195291519165, "acc": 0.726, "loss_std": 0.014487490057945251, "acc_std": 0.005958187643906498, "duration": 17.35618019104004, "duration_std": 0.1341979205608368, "f1": 0.6899794290308325, "f1_std": 0.007562953763123671, "auc": 0.9019909306427902, "auc_std": 0.0024032940223345845, "nmi": 0.4610901117137079, "nmi_std": 0.007790988834254974, "ari": 0.4858853816986084, "ari_std": 0.009685221128165722, "recall_1": 0.726, "recall_1_std": 0.005958187643906498, "recall_2": 0.8731999397277832, "recall_2_std": 0.002863555448129773}