{"dataset": "Cora", "split": "public", "model": "GCN2_HBP", "device": 0, "seed": 0, "runs": 5, "epochs": 200, "lr": 0.01, "weight_decay": 0.0005, "early_stopping": 0, "hidden": 16, "dropout": 0.5, "normalize_features": true, "logger": "GCN2_HBP-h1000.0-Cora-public-Adam", "optimizer": "Adam", "momentum": 0.9, "eps": 0.01, "update_freq": 50, "hyperparam": null, "alpha": 0, "regularization": null, "hyperbolicity": 1000.0, "loss": 1.9306213855743408, "acc": 0.7527999999999999, "loss_std": 0.0005929766339249909, "acc_std": 0.016422545478700933, "duration": 19.690074920654297, "duration_std": 0.30454209446907043, "f1": 0.7208339138351372, "f1_std": 0.01625794700237575, "auc": 0.9340907544905438, "auc_std": 0.005114504778980916, "nmi": 0.5506123970838217, "nmi_std": 0.012762597697002581, "ari": 0.5540351271629333, "ari_std": 0.0344838947057724, "recall_1": 0.7527999999999999, "recall_1_std": 0.016422545478700933, "recall_2": 0.8827999830245972, "recall_2_std": 0.009782634675502777}