{"dataset": "PubMed", "split": "public", "model": "GCN2_HBP", "device": 0, "seed": 0, "runs": 5, "epochs": 200, "lr": 0.01, "weight_decay": 0.0005, "early_stopping": 0, "hidden": 16, "dropout": 0.5, "normalize_features": true, "logger": "GCN2_HBP-h0.2-PubMed-public-Adam", "optimizer": "Adam", "momentum": 0.9, "eps": 0.01, "update_freq": 50, "hyperparam": null, "alpha": 0, "regularization": null, "hyperbolicity": 0.2, "loss": 0.5205346941947937, "acc": 0.7994000000000001, "loss_std": 0.00484981806948781, "acc_std": 0.0008944271909999167, "duration": 30.280004501342773, "duration_std": 0.4446808993816376, "f1": 0.7928936712401039, "f1_std": 0.0008881029379948518, "auc": 0.9221381980704015, "auc_std": 0.001502167000762559, "nmi": 0.40433002018581893, "nmi_std": 0.001499889177372294, "ari": 0.4742533266544342, "ari_std": 0.0034676457289606333, "recall_1": 0.7994000000000001, "recall_1_std": 0.0008944271909999167, "recall_2": 0.9668000340461731, "recall_2_std": 0.0010954310419037938}