{"dataset": "Cora", "split": "public", "model": "GCN2_HBP", "device": 0, "seed": 0, "runs": 5, "epochs": 200, "lr": 0.01, "weight_decay": 0.0005, "early_stopping": 0, "hidden": 16, "dropout": 0.5, "normalize_features": true, "logger": "GCN2_HBP-h20.0-Cora-public-Adam", "optimizer": "Adam", "momentum": 0.9, "eps": 0.01, "update_freq": 50, "hyperparam": null, "alpha": 0, "regularization": null, "hyperbolicity": 20.0, "loss": 1.8065850734710693, "acc": 0.8363999999999999, "loss_std": 0.004371266812086105, "acc_std": 0.0054129474410897485, "duration": 19.49416732788086, "duration_std": 0.347389280796051, "f1": 0.8233012327658382, "f1_std": 0.006077960451259762, "auc": 0.9694312522111206, "auc_std": 0.001000683452763243, "nmi": 0.6463770053702941, "nmi_std": 0.0045510081775690615, "ari": 0.6638484001159668, "ari_std": 0.012816386297345161, "recall_1": 0.8363999999999999, "recall_1_std": 0.0054129474410897485, "recall_2": 0.9374000430107117, "recall_2_std": 0.006804412230849266}