{"dataset": "CiteSeer", "split": "public", "model": "GCN2_HBP", "device": 0, "seed": 0, "runs": 5, "epochs": 200, "lr": 0.01, "weight_decay": 0.0005, "early_stopping": 0, "hidden": 16, "dropout": 0.5, "normalize_features": true, "logger": "GCN2_HBP-h20.0-CiteSeer-public-Adam", "optimizer": "Adam", "momentum": 0.9, "eps": 0.01, "update_freq": 50, "hyperparam": null, "alpha": 0, "regularization": null, "hyperbolicity": 20.0, "loss": 1.675250768661499, "acc": 0.7209999999999999, "loss_std": 0.004565684124827385, "acc_std": 0.02164486082191333, "duration": 17.03234100341797, "duration_std": 0.35101133584976196, "f1": 0.6816442089826988, "f1_std": 0.02006807468495244, "auc": 0.9047252635145476, "auc_std": 0.0033080664224875702, "nmi": 0.46122540711433063, "nmi_std": 0.014154964943156646, "ari": 0.47126221656799316, "ari_std": 0.03892844170331955, "recall_1": 0.7209999999999999, "recall_1_std": 0.02164486082191333, "recall_2": 0.8728000521659851, "recall_2_std": 0.016177140176296234}