{"dataset": "CiteSeer", "split": "public", "model": "GCN2_HBP", "device": 0, "seed": 0, "runs": 5, "epochs": 200, "lr": 0.01, "weight_decay": 0.0005, "early_stopping": 0, "hidden": 16, "dropout": 0.5, "normalize_features": true, "logger": "GCN2_HBP-h50.0-CiteSeer-public-Adam", "optimizer": "Adam", "momentum": 0.9, "eps": 0.01, "update_freq": 50, "hyperparam": null, "alpha": 0, "regularization": null, "hyperbolicity": 50.0, "loss": 1.7219676971435547, "acc": 0.6925999999999999, "loss_std": 0.0042629968374967575, "acc_std": 0.04888046644621959, "duration": 17.524272918701172, "duration_std": 0.29405567049980164, "f1": 0.6531349389712907, "f1_std": 0.04498076534466957, "auc": 0.9021851340789805, "auc_std": 0.009552385923626314, "nmi": 0.4459626822326876, "nmi_std": 0.029203299544273233, "ari": 0.4340692460536957, "ari_std": 0.06062178686261177, "recall_1": 0.6925999999999999, "recall_1_std": 0.04888046644621959, "recall_2": 0.8598000407218933, "recall_2_std": 0.01848512701690197}