{"dataset": "PubMed", "split": "public", "model": "GCN2_HBP", "device": 0, "seed": 0, "runs": 5, "epochs": 200, "lr": 0.01, "weight_decay": 0.0005, "early_stopping": 0, "hidden": 16, "dropout": 0.5, "normalize_features": true, "logger": "GCN2_HBP-h2.0-PubMed-public-Adam", "optimizer": "Adam", "momentum": 0.9, "eps": 0.01, "update_freq": 50, "hyperparam": null, "alpha": 0, "regularization": null, "hyperbolicity": 2.0, "loss": 0.7820137143135071, "acc": 0.8009999999999999, "loss_std": 0.003340480849146843, "acc_std": 0.002345207879911717, "duration": 30.05802345275879, "duration_std": 0.4239061176776886, "f1": 0.794661928281745, "f1_std": 0.0015943356656431698, "auc": 0.9228847744949441, "auc_std": 0.002129561692623548, "nmi": 0.4093210961210926, "nmi_std": 0.0031898978487376263, "ari": 0.4788385033607483, "ari_std": 0.005837048403918743, "recall_1": 0.8009999999999999, "recall_1_std": 0.002345207879911717, "recall_2": 0.9663999676704407, "recall_2_std": 0.00279286433942616}