{"dataset": "CiteSeer", "split": "public", "model": "GCN2_HBP", "device": 0, "seed": 0, "runs": 5, "epochs": 200, "lr": 0.01, "weight_decay": 0.0005, "early_stopping": 0, "hidden": 16, "dropout": 0.5, "normalize_features": true, "logger": "GCN2_HBP-h0.2-CiteSeer-public-Adam", "optimizer": "Adam", "momentum": 0.9, "eps": 0.01, "update_freq": 50, "hyperparam": null, "alpha": 0, "regularization": null, "hyperbolicity": 0.2, "loss": 0.9626553654670715, "acc": 0.7249999999999999, "loss_std": 0.015593469142913818, "acc_std": 0.003316624790355403, "duration": 17.350875854492188, "duration_std": 0.30433791875839233, "f1": 0.6879792334349524, "f1_std": 0.005145247117464998, "auc": 0.9021734087075342, "auc_std": 0.0020318713564244327, "nmi": 0.4600067944985148, "nmi_std": 0.0040559290186387275, "ari": 0.4834606647491455, "ari_std": 0.0055696479976177216, "recall_1": 0.7249999999999999, "recall_1_std": 0.003316624790355403, "recall_2": 0.8677999377250671, "recall_2_std": 0.0027748807333409786}