{"dataset": "PubMed", "split": "public", "model": "GCN2_HBP", "device": 0, "seed": 0, "runs": 5, "epochs": 200, "lr": 0.01, "weight_decay": 0.0005, "early_stopping": 0, "hidden": 16, "dropout": 0.5, "normalize_features": true, "logger": "GCN2_HBP-h5.0-PubMed-public-Adam", "optimizer": "Adam", "momentum": 0.9, "eps": 0.01, "update_freq": 50, "hyperparam": null, "alpha": 0, "regularization": null, "hyperbolicity": 5.0, "loss": 0.8818376660346985, "acc": 0.8012, "loss_std": 0.0021899628918617964, "acc_std": 0.003701351104664353, "duration": 29.811771392822266, "duration_std": 0.18227383494377136, "f1": 0.7952499768243824, "f1_std": 0.004039670066769671, "auc": 0.9219405482964806, "auc_std": 0.001768259771691297, "nmi": 0.41471596755042395, "nmi_std": 0.004188065695169407, "ari": 0.47969383001327515, "ari_std": 0.006769112311303616, "recall_1": 0.8012, "recall_1_std": 0.003701351104664353, "recall_2": 0.9645999670028687, "recall_2_std": 0.002607697620987892}