{"dataset": "CiteSeer", "split": "public", "model": "GCN2_HBP", "device": 0, "seed": 0, "runs": 5, "epochs": 200, "lr": 0.01, "weight_decay": 0.0005, "early_stopping": 0, "hidden": 16, "dropout": 0.5, "normalize_features": true, "logger": "GCN2_HBP-h1000.0-CiteSeer-public-Adam", "optimizer": "Adam", "momentum": 0.9, "eps": 0.01, "update_freq": 50, "hyperparam": null, "alpha": 0, "regularization": null, "hyperbolicity": 1000.0, "loss": 1.783529281616211, "acc": 0.334, "loss_std": 0.000448736478574574, "acc_std": 0.006442049363362568, "duration": 17.509004592895508, "duration_std": 0.1661403924226761, "f1": 0.2132840104466708, "f1_std": 0.02013466215178912, "auc": 0.8464490698879524, "auc_std": 0.012530973141251015, "nmi": 0.2374078045691251, "nmi_std": 0.009423547878226841, "ari": 0.13339123129844666, "ari_std": 0.007843599654734135, "recall_1": 0.334, "recall_1_std": 0.006442049363362568, "recall_2": 0.5254000425338745, "recall_2_std": 0.04024053364992142}