{"dataset": "PubMed", "split": "public", "model": "GCN2_HBP", "device": 0, "seed": 0, "runs": 5, "epochs": 200, "lr": 0.01, "weight_decay": 0.0005, "early_stopping": 0, "hidden": 16, "dropout": 0.5, "normalize_features": true, "logger": "GCN2_HBP-h0.1-PubMed-public-Adam", "optimizer": "Adam", "momentum": 0.9, "eps": 0.01, "update_freq": 50, "hyperparam": null, "alpha": 0, "regularization": null, "hyperbolicity": 0.1, "loss": 0.5102065801620483, "acc": 0.8, "loss_std": 0.0025026199873536825, "acc_std": 0.004636809247747856, "duration": 30.992481231689453, "duration_std": 0.27187755703926086, "f1": 0.7937736697783697, "f1_std": 0.0037170882879842613, "auc": 0.9202600134803525, "auc_std": 0.0005637293988579357, "nmi": 0.40604510290979984, "nmi_std": 0.009329871790411615, "ari": 0.4755586087703705, "ari_std": 0.011593600735068321, "recall_1": 0.8, "recall_1_std": 0.004636809247747856, "recall_2": 0.9648000001907349, "recall_2_std": 0.0008366706315428019}