{"dataset": "Cora", "split": "public", "model": "GCN2_HBP", "device": 0, "seed": 0, "runs": 5, "epochs": 200, "lr": 0.01, "weight_decay": 0.0005, "early_stopping": 0, "hidden": 16, "dropout": 0.5, "normalize_features": true, "logger": "GCN2_HBP-h50.0-Cora-public-Adam", "optimizer": "Adam", "momentum": 0.9, "eps": 0.01, "update_freq": 50, "hyperparam": null, "alpha": 0, "regularization": null, "hyperbolicity": 50.0, "loss": 1.860195517539978, "acc": 0.8257999999999999, "loss_std": 0.0030196206644177437, "acc_std": 0.008348652585896729, "duration": 19.377347946166992, "duration_std": 0.38353198766708374, "f1": 0.8104182873372251, "f1_std": 0.006323560767267201, "auc": 0.9675510701097577, "auc_std": 0.003399694811766803, "nmi": 0.6327560237326386, "nmi_std": 0.006394430352095814, "ari": 0.6476611495018005, "ari_std": 0.021895570680499077, "recall_1": 0.8257999999999999, "recall_1_std": 0.008348652585896729, "recall_2": 0.9305999875068665, "recall_2_std": 0.008988884277641773}