{"dataset": "PubMed", "split": "public", "model": "GCN2_HBP", "device": 0, "seed": 0, "runs": 5, "epochs": 200, "lr": 0.01, "weight_decay": 0.0005, "early_stopping": 0, "hidden": 16, "dropout": 0.5, "normalize_features": true, "logger": "GCN2_HBP-h200.0-PubMed-public-Adam", "optimizer": "Adam", "momentum": 0.9, "eps": 0.01, "update_freq": 50, "hyperparam": null, "alpha": 0, "regularization": null, "hyperbolicity": 200.0, "loss": 1.0622062683105469, "acc": 0.7895999999999999, "loss_std": 0.0006416051182895899, "acc_std": 0.00841427358718506, "duration": 30.992517471313477, "duration_std": 0.1876516491174698, "f1": 0.7845205215168779, "f1_std": 0.007875622406938843, "auc": 0.9201201091031598, "auc_std": 0.0017953044240291626, "nmi": 0.40403083570347664, "nmi_std": 0.007957089130614072, "ari": 0.45667797327041626, "ari_std": 0.017164336517453194, "recall_1": 0.7895999999999999, "recall_1_std": 0.00841427358718506, "recall_2": 0.967799961566925, "recall_2_std": 0.00192353839520365}