{"dataset": "PubMed", "split": "public", "model": "GCN2_HBP", "device": 0, "seed": 0, "runs": 5, "epochs": 200, "lr": 0.01, "weight_decay": 0.0005, "early_stopping": 0, "hidden": 16, "dropout": 0.5, "normalize_features": true, "logger": "GCN2_HBP-h50.0-PubMed-public-Adam", "optimizer": "Adam", "momentum": 0.9, "eps": 0.01, "update_freq": 50, "hyperparam": null, "alpha": 0, "regularization": null, "hyperbolicity": 50.0, "loss": 1.0256131887435913, "acc": 0.8012, "loss_std": 0.0019523064838722348, "acc_std": 0.007791020472312943, "duration": 31.19586753845215, "duration_std": 0.3471936881542206, "f1": 0.7948718184556689, "f1_std": 0.007516815771654344, "auc": 0.9220335094063907, "auc_std": 0.0014303841939435162, "nmi": 0.4176771620344593, "nmi_std": 0.013699710836994547, "ari": 0.4795697331428528, "ari_std": 0.017246127128601074, "recall_1": 0.8012, "recall_1_std": 0.007791020472312943, "recall_2": 0.967199981212616, "recall_2_std": 0.003492852672934532}