{"dataset": "Cora", "split": "public", "model": "GCN2_HBP", "device": 0, "seed": 0, "runs": 5, "epochs": 200, "lr": 0.01, "weight_decay": 0.0005, "early_stopping": 0, "hidden": 16, "dropout": 0.5, "normalize_features": true, "logger": "GCN2_HBP-h5.0-Cora-public-Adam", "optimizer": "Adam", "momentum": 0.9, "eps": 0.01, "update_freq": 50, "hyperparam": null, "alpha": 0, "regularization": null, "hyperbolicity": 5.0, "loss": 1.6652424335479736, "acc": 0.8375999999999999, "loss_std": 0.007158015388995409, "acc_std": 0.0027928480087537908, "duration": 19.486988067626953, "duration_std": 0.49520212411880493, "f1": 0.8261085422395114, "f1_std": 0.0035284096683798638, "auc": 0.9699185658025525, "auc_std": 0.0007734319120455567, "nmi": 0.6492532940687386, "nmi_std": 0.004687613569548733, "ari": 0.6642441153526306, "ari_std": 0.0054363408125936985, "recall_1": 0.8375999999999999, "recall_1_std": 0.0027928480087537908, "recall_2": 0.9411999583244324, "recall_2_std": 0.004658315796405077}