{"dataset": "CiteSeer", "split": "public", "model": "GCN2_HBP", "device": 0, "seed": 0, "runs": 5, "epochs": 200, "lr": 0.01, "weight_decay": 0.0005, "early_stopping": 0, "hidden": 16, "dropout": 0.5, "normalize_features": true, "logger": "GCN2_HBP-h200.0-CiteSeer-public-Adam", "optimizer": "Adam", "momentum": 0.9, "eps": 0.01, "update_freq": 50, "hyperparam": null, "alpha": 0, "regularization": null, "hyperbolicity": 200.0, "loss": 1.7628753185272217, "acc": 0.5564, "loss_std": 0.002692021429538727, "acc_std": 0.06755590277688545, "duration": 17.08742904663086, "duration_std": 0.19727745652198792, "f1": 0.5066445965587147, "f1_std": 0.06381856683435937, "auc": 0.8854383607982195, "auc_std": 0.010697154977571729, "nmi": 0.3816595154285869, "nmi_std": 0.024950645485677166, "ari": 0.30310484766960144, "ari_std": 0.04474513977766037, "recall_1": 0.5564, "recall_1_std": 0.06755590277688545, "recall_2": 0.7982000112533569, "recall_2_std": 0.03983968496322632}