{"dataset": "CiteSeer", "split": "public", "model": "GCN2_HBP", "device": 0, "seed": 0, "runs": 5, "epochs": 200, "lr": 0.01, "weight_decay": 0.0005, "early_stopping": 0, "hidden": 16, "dropout": 0.5, "normalize_features": true, "logger": "GCN2_HBP-h5.0-CiteSeer-public-Adam", "optimizer": "Adam", "momentum": 0.9, "eps": 0.01, "update_freq": 50, "hyperparam": null, "alpha": 0, "regularization": null, "hyperbolicity": 5.0, "loss": 1.5551115274429321, "acc": 0.7262000000000001, "loss_std": 0.009390715509653091, "acc_std": 0.010756393447619894, "duration": 17.164777755737305, "duration_std": 0.4022839367389679, "f1": 0.6882101496508983, "f1_std": 0.0105219854536377, "auc": 0.9060433775004894, "auc_std": 0.0026729086212752516, "nmi": 0.4635004981235039, "nmi_std": 0.01069734069702363, "ari": 0.4840559959411621, "ari_std": 0.016766777262091637, "recall_1": 0.7262000000000001, "recall_1_std": 0.010756393447619894, "recall_2": 0.8791999816894531, "recall_2_std": 0.0067601632326841354}