{"dataset": "Cora", "split": "public", "model": "GCN2_HBP", "device": 0, "seed": 0, "runs": 5, "epochs": 200, "lr": 0.01, "weight_decay": 0.0005, "early_stopping": 0, "hidden": 16, "dropout": 0.5, "normalize_features": true, "logger": "GCN2_HBP-h0.001-Cora-public-Adam", "optimizer": "Adam", "momentum": 0.9, "eps": 0.01, "update_freq": 50, "hyperparam": null, "alpha": 0, "regularization": null, "hyperbolicity": 0.001, "loss": 0.666760265827179, "acc": 0.8301999999999999, "loss_std": 0.035108763724565506, "acc_std": 0.0019235384061671362, "duration": 19.592998504638672, "duration_std": 0.30035313963890076, "f1": 0.8162931171734783, "f1_std": 0.00220856388795169, "auc": 0.9709827062513716, "auc_std": 0.002929344886017548, "nmi": 0.6301425607441034, "nmi_std": 0.003402550457429991, "ari": 0.6574981212615967, "ari_std": 0.006114047486335039, "recall_1": 0.8301999999999999, "recall_1_std": 0.0019235384061671362, "recall_2": 0.9385999441146851, "recall_2_std": 0.00522494874894619}