{"dataset": "PubMed", "split": "public", "model": "GCN2_HBP", "device": 0, "seed": 0, "runs": 5, "epochs": 200, "lr": 0.01, "weight_decay": 0.0005, "early_stopping": 0, "hidden": 16, "dropout": 0.5, "normalize_features": true, "logger": "GCN2_HBP-h0.5-PubMed-public-Adam", "optimizer": "Adam", "momentum": 0.9, "eps": 0.01, "update_freq": 50, "hyperparam": null, "alpha": 0, "regularization": null, "hyperbolicity": 0.5, "loss": 0.604188084602356, "acc": 0.7996000000000001, "loss_std": 0.00945154670625925, "acc_std": 0.002880972058177589, "duration": 30.342609405517578, "duration_std": 0.2483491450548172, "f1": 0.7934957638039256, "f1_std": 0.0017499086813678448, "auc": 0.9228578920104343, "auc_std": 0.0020952171244614224, "nmi": 0.4064379805110809, "nmi_std": 0.0043632036080390795, "ari": 0.47499459981918335, "ari_std": 0.008775108493864536, "recall_1": 0.7996000000000001, "recall_1_std": 0.002880972058177589, "recall_2": 0.9664000272750854, "recall_2_std": 0.0016733234515413642}