{"dataset": "PubMed", "split": "public", "model": "GCN2_HBP", "device": 0, "seed": 0, "runs": 5, "epochs": 200, "lr": 0.01, "weight_decay": 0.0005, "early_stopping": 0, "hidden": 16, "dropout": 0.5, "normalize_features": true, "logger": "GCN2_HBP-h20.0-PubMed-public-Adam", "optimizer": "Adam", "momentum": 0.9, "eps": 0.01, "update_freq": 50, "hyperparam": null, "alpha": 0, "regularization": null, "hyperbolicity": 20.0, "loss": 0.9849364161491394, "acc": 0.796, "loss_std": 0.0019971502479165792, "acc_std": 0.005700877125495695, "duration": 31.355484008789062, "duration_std": 0.4336800277233124, "f1": 0.7895981578591258, "f1_std": 0.004966544426781302, "auc": 0.9201644182152657, "auc_std": 0.0031622810811948506, "nmi": 0.4084369861709883, "nmi_std": 0.005881375816325863, "ari": 0.46915024518966675, "ari_std": 0.01259765587747097, "recall_1": 0.796, "recall_1_std": 0.005700877125495695, "recall_2": 0.9661999940872192, "recall_2_std": 0.0021679506171494722}