{"dataset": "CiteSeer", "split": "public", "model": "GCN2_HBP", "device": 0, "seed": 0, "runs": 5, "epochs": 200, "lr": 0.01, "weight_decay": 0.0005, "early_stopping": 0, "hidden": 16, "dropout": 0.5, "normalize_features": true, "logger": "GCN2_HBP-h500.0-CiteSeer-public-Adam", "optimizer": "Adam", "momentum": 0.9, "eps": 0.01, "update_freq": 50, "hyperparam": null, "alpha": 0, "regularization": null, "hyperbolicity": 500.0, "loss": 1.7770650386810303, "acc": 0.43979999999999997, "loss_std": 0.0009286098065786064, "acc_std": 0.06015563149032682, "duration": 17.415252685546875, "duration_std": 0.30596262216567993, "f1": 0.3615474207445973, "f1_std": 0.07676426471896859, "auc": 0.8559822665622846, "auc_std": 0.006354665241468451, "nmi": 0.3128270316441285, "nmi_std": 0.054621452805926084, "ari": 0.21740353107452393, "ari_std": 0.06117339804768562, "recall_1": 0.43979999999999997, "recall_1_std": 0.06015563149032682, "recall_2": 0.6922000050544739, "recall_2_std": 0.050642870366573334}