{"dataset": "Cora", "split": "public", "model": "GCN2_HBP", "device": 0, "seed": 0, "runs": 5, "epochs": 200, "lr": 0.01, "weight_decay": 0.0005, "early_stopping": 0, "hidden": 16, "dropout": 0.5, "normalize_features": true, "logger": "GCN2_HBP-h2.0-Cora-public-Adam", "optimizer": "Adam", "momentum": 0.9, "eps": 0.01, "update_freq": 50, "hyperparam": null, "alpha": 0, "regularization": null, "hyperbolicity": 2.0, "loss": 1.5132577419281006, "acc": 0.8394, "loss_std": 0.00868526566773653, "acc_std": 0.005856620185738534, "duration": 19.67644691467285, "duration_std": 0.3568539023399353, "f1": 0.8276537855997912, "f1_std": 0.005607369731208029, "auc": 0.9705453115630123, "auc_std": 0.001342093519210176, "nmi": 0.6539371146531645, "nmi_std": 0.00994847937499512, "ari": 0.6672202944755554, "ari_std": 0.013906977139413357, "recall_1": 0.8394, "recall_1_std": 0.005856620185738534, "recall_2": 0.939799964427948, "recall_2_std": 0.004438468255102634}