{"dataset": "PubMed", "split": "public", "model": "GCN2_HBP", "device": 0, "seed": 0, "runs": 5, "epochs": 200, "lr": 0.01, "weight_decay": 0.0005, "early_stopping": 0, "hidden": 16, "dropout": 0.5, "normalize_features": true, "logger": "GCN2_HBP-h1000.0-PubMed-public-Adam", "optimizer": "Adam", "momentum": 0.9, "eps": 0.01, "update_freq": 50, "hyperparam": null, "alpha": 0, "regularization": null, "hyperbolicity": 1000.0, "loss": 1.0831307172775269, "acc": 0.7816000000000001, "loss_std": 0.0003298977389931679, "acc_std": 0.01262141038077759, "duration": 31.003551483154297, "duration_std": 0.5787845253944397, "f1": 0.7791244822673081, "f1_std": 0.011789786285282737, "auc": 0.9166333640486183, "auc_std": 0.003691071863724896, "nmi": 0.3963802735218353, "nmi_std": 0.00870105590842781, "ari": 0.4380645155906677, "ari_std": 0.023066630586981773, "recall_1": 0.7816000000000001, "recall_1_std": 0.01262141038077759, "recall_2": 0.9682000279426575, "recall_2_std": 0.002280360786244273}