{"dataset": "Cora", "split": "public", "model": "GCN2_HBP", "device": 0, "seed": 0, "runs": 5, "epochs": 200, "lr": 0.01, "weight_decay": 0.0005, "early_stopping": 0, "hidden": 16, "dropout": 0.5, "normalize_features": true, "logger": "GCN2_HBP-h0.5-Cora-public-Adam", "optimizer": "Adam", "momentum": 0.9, "eps": 0.01, "update_freq": 50, "hyperparam": null, "alpha": 0, "regularization": null, "hyperbolicity": 0.5, "loss": 1.147189736366272, "acc": 0.8367999999999999, "loss_std": 0.015611241571605206, "acc_std": 0.002588435821108959, "duration": 19.39608383178711, "duration_std": 0.29968827962875366, "f1": 0.8245665532428015, "f1_std": 0.003496083135754634, "auc": 0.9726192995860596, "auc_std": 0.0014050119155084224, "nmi": 0.6473726670633808, "nmi_std": 0.0076219097375941, "ari": 0.6649152636528015, "ari_std": 0.008600296452641487, "recall_1": 0.8367999999999999, "recall_1_std": 0.002588435821108959, "recall_2": 0.9425999522209167, "recall_2_std": 0.005770620424300432}