{"dataset": "Cora", "split": "public", "model": "GCN2_HBP", "device": 0, "seed": 0, "runs": 5, "epochs": 200, "lr": 0.01, "weight_decay": 0.0005, "early_stopping": 0, "hidden": 16, "dropout": 0.5, "normalize_features": true, "logger": "GCN2_HBP-h0.2-Cora-public-Adam", "optimizer": "Adam", "momentum": 0.9, "eps": 0.01, "update_freq": 50, "hyperparam": null, "alpha": 0, "regularization": null, "hyperbolicity": 0.2, "loss": 0.8611987829208374, "acc": 0.8346, "loss_std": 0.028192413970828056, "acc_std": 0.003911521443121593, "duration": 19.648433685302734, "duration_std": 0.36571159958839417, "f1": 0.822706776992233, "f1_std": 0.005635467670518838, "auc": 0.9734653847676364, "auc_std": 0.000718038686863107, "nmi": 0.6418819107611038, "nmi_std": 0.006815382960350595, "ari": 0.6603487133979797, "ari_std": 0.005058592651039362, "recall_1": 0.8346, "recall_1_std": 0.003911521443121593, "recall_2": 0.9409999847412109, "recall_2_std": 0.0077459802851080894}