{"dataset": "PubMed", "split": "public", "model": "GCN2_HBP", "device": 0, "seed": 0, "runs": 5, "epochs": 200, "lr": 0.01, "weight_decay": 0.0005, "early_stopping": 0, "hidden": 16, "dropout": 0.5, "normalize_features": true, "logger": "GCN2_HBP-h500.0-PubMed-public-Adam", "optimizer": "Adam", "momentum": 0.9, "eps": 0.01, "update_freq": 50, "hyperparam": null, "alpha": 0, "regularization": null, "hyperbolicity": 500.0, "loss": 1.0762722492218018, "acc": 0.7916000000000001, "loss_std": 0.00035203556763008237, "acc_std": 0.008443932733033828, "duration": 31.124059677124023, "duration_std": 0.2310377061367035, "f1": 0.786537568016764, "f1_std": 0.007887610591376678, "auc": 0.9167621143044873, "auc_std": 0.0019193892243472668, "nmi": 0.4119730177813188, "nmi_std": 0.011136394206573317, "ari": 0.46031180024147034, "ari_std": 0.01653311587870121, "recall_1": 0.7916000000000001, "recall_1_std": 0.008443932733033828, "recall_2": 0.965999960899353, "recall_2_std": 0.0024494887329638004}