{"dataset": "Cora", "split": "public", "model": "GCN2_HBP", "device": 0, "seed": 0, "runs": 5, "epochs": 200, "lr": 0.01, "weight_decay": 0.0005, "early_stopping": 0, "hidden": 16, "dropout": 0.5, "normalize_features": true, "logger": "GCN2_HBP-h500.0-Cora-public-Adam", "optimizer": "Adam", "momentum": 0.9, "eps": 0.01, "update_freq": 50, "hyperparam": null, "alpha": 0, "regularization": null, "hyperbolicity": 500.0, "loss": 1.9224437475204468, "acc": 0.7878000000000001, "loss_std": 0.001208802219480276, "acc_std": 0.020583974348992975, "duration": 19.471004486083984, "duration_std": 0.27295100688934326, "f1": 0.7663683872621417, "f1_std": 0.024522238865264116, "auc": 0.9512803011913439, "auc_std": 0.009628836920828441, "nmi": 0.5837142202411112, "nmi_std": 0.028337305243184594, "ari": 0.5892070531845093, "ari_std": 0.028720151633024216, "recall_1": 0.7878000000000001, "recall_1_std": 0.020583974348992975, "recall_2": 0.8998000025749207, "recall_2_std": 0.017426984384655952}