{"dataset": "Cora", "split": "public", "model": "GCN2_HBPU", "device": 0, "seed": 0, "runs": 5, "epochs": 200, "lr": 0.01, "weight_decay": 0.0005, "early_stopping": 0, "hidden": 16, "dropout": 0.5, "normalize_features": true, "logger": "GCN2_HBPU-h100-Cora-public-Adam", "optimizer": "Adam", "momentum": 0.9, "eps": 0.01, "update_freq": 50, "hyperparam": null, "alpha": 0.1, "regularization": "uniformity", "hyperbolicity": 100.0, "path_results": "results/table4/", "loss": 1.8825511932373047, "acc": 0.8256, "loss_std": 0.0043358271941542625, "acc_std": 0.012876334882255865, "duration": 28.14617919921875, "duration_std": 0.9466964602470398, "f1": 0.8120808041961597, "f1_std": 0.013302857709406105, "auc": 0.9665601114788759, "auc_std": 0.006078907163727378, "nmi": 0.6318195566430098, "nmi_std": 0.016792422338394314, "ari": 0.643775999546051, "ari_std": 0.024813730269670486, "recall_1": 0.8256, "recall_1_std": 0.012876334882255865, "recall_2": 0.9322000741958618, "recall_2_std": 0.01184060238301754}