{"dataset": "Cora", "split": "public", "model": "GCN2_HBP", "device": 0, "seed": 0, "runs": 5, "epochs": 200, "lr": 0.01, "weight_decay": 0.0005, "early_stopping": 0, "hidden": 16, "dropout": 0.5, "normalize_features": true, "logger": "GCN2_HBP-h100-Cora-public-Adam", "optimizer": "Adam", "momentum": 0.9, "eps": 0.01, "update_freq": 50, "hyperparam": null, "alpha": 0, "regularization": null, "hyperbolicity": 100.0, "path_results": "results/table4/", "loss": 1.8867995738983154, "acc": 0.8253999999999999, "loss_std": 0.0021906178444623947, "acc_std": 0.007127411872482192, "duration": 19.92356300354004, "duration_std": 0.30701297521591187, "f1": 0.8083550700543236, "f1_std": 0.006525720420316988, "auc": 0.9654603935052577, "auc_std": 0.003692451253420217, "nmi": 0.6340152362178846, "nmi_std": 0.013294987164475592, "ari": 0.6495206356048584, "ari_std": 0.01716114953160286, "recall_1": 0.8253999999999999, "recall_1_std": 0.007127411872482192, "recall_2": 0.9308000802993774, "recall_2_std": 0.007362073753029108}