{"dataset": "CiteSeer", "split": "public", "model": "GCN2_HBP", "device": 0, "seed": 0, "runs": 5, "epochs": 200, "lr": 0.01, "weight_decay": 0.0005, "early_stopping": 0, "hidden": 16, "dropout": 0.5, "normalize_features": true, "logger": "GCN2_HBP-h100-CiteSeer-public-Adam", "optimizer": "Adam", "momentum": 0.9, "eps": 0.01, "update_freq": 50, "hyperparam": null, "alpha": 0, "regularization": null, "hyperbolicity": 100.0, "path_results": "results/table4/", "loss": 1.7464061975479126, "acc": 0.6651999999999999, "loss_std": 0.0034821685403585434, "acc_std": 0.05725993363600764, "duration": 17.430519104003906, "duration_std": 0.2711111009120941, "f1": 0.6322684134123875, "f1_std": 0.049827239975372785, "auc": 0.8934775106786595, "auc_std": 0.012641895556680596, "nmi": 0.42280159296029146, "nmi_std": 0.03236877775275691, "ari": 0.4016970694065094, "ari_std": 0.06587580591440201, "recall_1": 0.6651999999999999, "recall_1_std": 0.05725993363600764, "recall_2": 0.8399999737739563, "recall_2_std": 0.015033288858830929}