{"dataset": "Cora", "split": "public", "model": "GCN2_HBP", "device": 0, "seed": 0, "runs": 5, "epochs": 200, "lr": 0.01, "weight_decay": 0.0005, "early_stopping": 0, "hidden": 16, "dropout": 0.5, "normalize_features": true, "logger": "GCN2_HBP-h10-Cora-public-Adam", "optimizer": "Adam", "momentum": 0.9, "eps": 0.01, "update_freq": 50, "hyperparam": null, "alpha": 0, "regularization": null, "hyperbolicity": 10.0, "path_results": "results/table4/", "loss": 1.7484346628189087, "acc": 0.8375999999999999, "loss_std": 0.004808162339031696, "acc_std": 0.004560701700396556, "duration": 19.385087966918945, "duration_std": 0.2151474952697754, "f1": 0.825477044381857, "f1_std": 0.00570730942494075, "auc": 0.9702541085247773, "auc_std": 0.0004970796087369182, "nmi": 0.651323124503336, "nmi_std": 0.010054070090661862, "ari": 0.6647194027900696, "ari_std": 0.00826483964920044, "recall_1": 0.8375999999999999, "recall_1_std": 0.004560701700396556, "recall_2": 0.9376000165939331, "recall_2_std": 0.004505544435232878}