{"dataset": "PubMed", "split": "public", "model": "GCN2_HLBP", "device": 0, "seed": 0, "runs": 5, "epochs": 200, "lr": 0.01, "weight_decay": 0.0005, "early_stopping": 0, "hidden": 16, "dropout": 0.5, "normalize_features": true, "logger": "GCN2_HLBP-h1.0-PubMed-public-Adam", "optimizer": "Adam", "momentum": 0.9, "eps": 0.01, "update_freq": 50, "hyperparam": null, "alpha": 0, "regularization": null, "hyperbolicity": 1.0, "path_results": "results/table4/", "loss": 0.703806459903717, "acc": 0.8028000000000002, "loss_std": 0.004596340470016003, "acc_std": 0.005263078946776312, "duration": 43.403743743896484, "duration_std": 0.36920538544654846, "f1": 0.7953068668447474, "f1_std": 0.005894851484808706, "auc": 0.9259825916605576, "auc_std": 0.0010742593826892567, "nmi": 0.41406810101481917, "nmi_std": 0.010803076906086452, "ari": 0.483394056558609, "ari_std": 0.010426315478980541, "recall_1": 0.8028000000000002, "recall_1_std": 0.005263078946776312, "recall_2": 0.968000054359436, "recall_2_std": 0.0033166315406560898}