{"dataset": "Cora", "split": "public", "model": "GCN2_HLBP", "device": 0, "seed": 0, "runs": 5, "epochs": 200, "lr": 0.01, "weight_decay": 0.0005, "early_stopping": 0, "hidden": 16, "dropout": 0.5, "normalize_features": true, "logger": "GCN2_HLBP-h10-Cora-public-Adam", "optimizer": "Adam", "momentum": 0.9, "eps": 0.01, "update_freq": 50, "hyperparam": null, "alpha": 0, "regularization": null, "hyperbolicity": 10.0, "path_results": "results/table4/", "loss": 1.7616126537322998, "acc": 0.8417999999999999, "loss_std": 0.0020239222794771194, "acc_std": 0.005069516742254634, "duration": 22.920082092285156, "duration_std": 0.36670535802841187, "f1": 0.8263948243138136, "f1_std": 0.0066342136696605795, "auc": 0.9735229958536727, "auc_std": 0.0012838885359326277, "nmi": 0.6518142216217032, "nmi_std": 0.010435332278111203, "ari": 0.681665301322937, "ari_std": 0.009422969073057175, "recall_1": 0.8417999999999999, "recall_1_std": 0.005069516742254634, "recall_2": 0.9431999325752258, "recall_2_std": 0.003033142536878586}