{"dataset": "PubMed", "split": "public", "model": "GCN2_HLBP", "device": 0, "seed": 0, "runs": 5, "epochs": 200, "lr": 0.01, "weight_decay": 0.0005, "early_stopping": 0, "hidden": 16, "dropout": 0.5, "normalize_features": true, "logger": "GCN2_HLBP-h0.1-PubMed-public-Adam", "optimizer": "Adam", "momentum": 0.9, "eps": 0.01, "update_freq": 50, "hyperparam": null, "alpha": 0, "regularization": null, "hyperbolicity": 0.1, "path_results": "results/table4/", "loss": 0.4989577829837799, "acc": 0.8004, "loss_std": 0.0063301315531134605, "acc_std": 0.002190890230020666, "duration": 43.09796905517578, "duration_std": 0.4003279507160187, "f1": 0.7933848065638879, "f1_std": 0.0021135377821760387, "auc": 0.9275082511523189, "auc_std": 0.0008060180998583227, "nmi": 0.4068562623911207, "nmi_std": 0.005000644504074325, "ari": 0.4777762293815613, "ari_std": 0.005347244441509247, "recall_1": 0.8004, "recall_1_std": 0.002190890230020666, "recall_2": 0.9663999676704407, "recall_2_std": 0.004277846310287714}