{"dataset": "Cora", "split": "public", "model": "GCN2_HBP", "device": 0, "seed": 0, "runs": 5, "epochs": 200, "lr": 0.01, "weight_decay": 0.0005, "early_stopping": 0, "hidden": 16, "dropout": 0.5, "normalize_features": true, "logger": "GCN2_HBP-h1.0-Cora-public-Adam", "optimizer": "Adam", "momentum": 0.9, "eps": 0.01, "update_freq": 50, "hyperparam": null, "alpha": 0, "regularization": null, "hyperbolicity": 1.0, "path_results": "results/table4/", "loss": 1.352585792541504, "acc": 0.8364, "loss_std": 0.017943644896149635, "acc_std": 0.007402702209328706, "duration": 19.40807342529297, "duration_std": 0.2785196900367737, "f1": 0.8251259717349569, "f1_std": 0.008433569038804286, "auc": 0.9724560642818598, "auc_std": 0.0013787039643981857, "nmi": 0.6498977709677668, "nmi_std": 0.011776033771683224, "ari": 0.6618419885635376, "ari_std": 0.012776672840118408, "recall_1": 0.8364, "recall_1_std": 0.007402702209328706, "recall_2": 0.9389999508857727, "recall_2_std": 0.007314370945096016}