{"dataset": "CiteSeer", "split": "public", "model": "GCN2_HLBP", "device": 0, "seed": 0, "runs": 5, "epochs": 200, "lr": 0.01, "weight_decay": 0.0005, "early_stopping": 0, "hidden": 16, "dropout": 0.5, "normalize_features": true, "logger": "GCN2_HLBP-h1.0-CiteSeer-public-Adam", "optimizer": "Adam", "momentum": 0.9, "eps": 0.01, "update_freq": 50, "hyperparam": null, "alpha": 0, "regularization": null, "hyperbolicity": 1.0, "path_results": "results/table4/", "loss": 1.388440728187561, "acc": 0.7348, "loss_std": 0.007787500042468309, "acc_std": 0.005761944116355178, "duration": 21.398412704467773, "duration_std": 0.2003316730260849, "f1": 0.6935896704491447, "f1_std": 0.004835775666668763, "auc": 0.9099317531314197, "auc_std": 0.00014720432550106302, "nmi": 0.46933668332915984, "nmi_std": 0.005561981221344043, "ari": 0.5000088810920715, "ari_std": 0.010993209667503834, "recall_1": 0.7348, "recall_1_std": 0.005761944116355178, "recall_2": 0.881600022315979, "recall_2_std": 0.006107371766120195}