{"dataset": "PubMed", "split": "public", "model": "GCN2_HBPU", "device": 0, "seed": 0, "runs": 5, "epochs": 200, "lr": 0.01, "weight_decay": 0.0005, "early_stopping": 0, "hidden": 16, "dropout": 0.5, "normalize_features": true, "logger": "GCN2_HBPU-h0.1-PubMed-public-Adam", "optimizer": "Adam", "momentum": 0.9, "eps": 0.01, "update_freq": 50, "hyperparam": null, "alpha": 0.1, "regularization": "uniformity", "hyperbolicity": 0.1, "path_results": "results/table4/", "loss": 0.5071616172790527, "acc": 0.7964, "loss_std": 0.0028269020840525627, "acc_std": 0.003911521443121593, "duration": 32.048301696777344, "duration_std": 0.27674368023872375, "f1": 0.7907942077565615, "f1_std": 0.003422435202487876, "auc": 0.921776853895498, "auc_std": 0.0024636662774096163, "nmi": 0.4001506539475367, "nmi_std": 0.007491789796983689, "ari": 0.46717825531959534, "ari_std": 0.008547850884497166, "recall_1": 0.7964, "recall_1_std": 0.003911521443121593, "recall_2": 0.9631999731063843, "recall_2_std": 0.0024899730924516916}