{"dataset": "PubMed", "split": "public", "model": "GCN2_HLBP", "device": 0, "seed": 0, "runs": 5, "epochs": 200, "lr": 0.01, "weight_decay": 0.0005, "early_stopping": 0, "hidden": 16, "dropout": 0.5, "normalize_features": true, "logger": "GCN2_HLBP-h10-PubMed-public-Adam", "optimizer": "Adam", "momentum": 0.9, "eps": 0.01, "update_freq": 50, "hyperparam": null, "alpha": 0, "regularization": null, "hyperbolicity": 10.0, "path_results": "results/table4/", "loss": 0.9434908032417297, "acc": 0.8038000000000001, "loss_std": 0.0012485780753195286, "acc_std": 0.0029495762407505278, "duration": 43.140228271484375, "duration_std": 0.34334054589271545, "f1": 0.7961207185987405, "f1_std": 0.0025337445988853355, "auc": 0.9261283421876643, "auc_std": 0.001307428604099066, "nmi": 0.42093069889346674, "nmi_std": 0.006143469940636688, "ari": 0.48639076948165894, "ari_std": 0.007688718847930431, "recall_1": 0.8038000000000001, "recall_1_std": 0.0029495762407505278, "recall_2": 0.9686000943183899, "recall_2_std": 0.0020736446604132652}