{"dataset": "CiteSeer", "split": "public", "model": "GCN2_HLBP", "device": 0, "seed": 0, "runs": 5, "epochs": 200, "lr": 0.01, "weight_decay": 0.0005, "early_stopping": 0, "hidden": 16, "dropout": 0.5, "normalize_features": true, "logger": "GCN2_HLBP-h0.01-CiteSeer-public-Adam", "optimizer": "Adam", "momentum": 0.9, "eps": 0.01, "update_freq": 50, "hyperparam": null, "alpha": 0, "regularization": null, "hyperbolicity": 0.01, "path_results": "results/table4/", "loss": 0.9506100416183472, "acc": 0.7196, "loss_std": 0.03862537443637848, "acc_std": 0.007436396977031289, "duration": 20.6739501953125, "duration_std": 0.14076456427574158, "f1": 0.6792080105518685, "f1_std": 0.007926165310789001, "auc": 0.9062104667225588, "auc_std": 0.0031985421375820846, "nmi": 0.45229720263151235, "nmi_std": 0.008203434910602382, "ari": 0.47770991921424866, "ari_std": 0.009934176690876484, "recall_1": 0.7196, "recall_1_std": 0.007436396977031289, "recall_2": 0.8641999363899231, "recall_2_std": 0.007949838414788246}