{"dataset": "PubMed", "split": "public", "model": "GCN2_HBP", "device": 0, "seed": 0, "runs": 5, "epochs": 200, "lr": 0.01, "weight_decay": 0.0005, "early_stopping": 0, "hidden": 16, "dropout": 0.5, "normalize_features": true, "logger": "GCN2_HBP-h100-PubMed-public-Adam", "optimizer": "Adam", "momentum": 0.9, "eps": 0.01, "update_freq": 50, "hyperparam": null, "alpha": 0, "regularization": null, "hyperbolicity": 100.0, "path_results": "results/table4/", "loss": 1.0459532737731934, "acc": 0.8018000000000001, "loss_std": 0.0008787693805061281, "acc_std": 0.003271085446759228, "duration": 30.543567657470703, "duration_std": 0.1633957326412201, "f1": 0.7956827004762459, "f1_std": 0.002769230111179626, "auc": 0.9204868157834258, "auc_std": 0.00155450410436471, "nmi": 0.42011187508188164, "nmi_std": 0.00534167245821368, "ari": 0.48170191049575806, "ari_std": 0.007293760776519775, "recall_1": 0.8018000000000001, "recall_1_std": 0.003271085446759228, "recall_2": 0.9663999676704407, "recall_2_std": 0.002302174223586917}