{"dataset": "Cora", "split": "public", "model": "GCN2_HLBP", "device": 0, "seed": 0, "runs": 5, "epochs": 200, "lr": 0.01, "weight_decay": 0.0005, "early_stopping": 0, "hidden": 16, "dropout": 0.5, "normalize_features": true, "logger": "GCN2_HLBP-h100-Cora-public-Adam", "optimizer": "Adam", "momentum": 0.9, "eps": 0.01, "update_freq": 50, "hyperparam": null, "alpha": 0, "regularization": null, "hyperbolicity": 100.0, "path_results": "results/table4/", "loss": 1.8859846591949463, "acc": 0.8202, "loss_std": 0.0007455536397174001, "acc_std": 0.02932916637069657, "duration": 21.746667861938477, "duration_std": 0.24341043829917908, "f1": 0.8055721333420994, "f1_std": 0.02437977418387406, "auc": 0.9718708508650368, "auc_std": 0.001050753952075531, "nmi": 0.6337794659299167, "nmi_std": 0.027711957187860434, "ari": 0.6250137090682983, "ari_std": 0.07909728586673737, "recall_1": 0.8202, "recall_1_std": 0.02932916637069657, "recall_2": 0.9290000200271606, "recall_2_std": 0.011640462093055248}