{"dataset": "CiteSeer", "split": "public", "model": "GCN2_HBPU", "device": 0, "seed": 0, "runs": 5, "epochs": 200, "lr": 0.01, "weight_decay": 0.0005, "early_stopping": 0, "hidden": 16, "dropout": 0.5, "normalize_features": true, "logger": "GCN2_HBPU-h100-CiteSeer-public-Adam", "optimizer": "Adam", "momentum": 0.9, "eps": 0.01, "update_freq": 50, "hyperparam": null, "alpha": 0.1, "regularization": "uniformity", "hyperbolicity": 100.0, "path_results": "results/table4/", "loss": 1.7516047954559326, "acc": 0.5184, "loss_std": 0.010090296156704426, "acc_std": 0.1599556188447283, "duration": 23.04322052001953, "duration_std": 0.33520829677581787, "f1": 0.43393620615472334, "f1_std": 0.17438754241177348, "auc": 0.8169606452408573, "auc_std": 0.0891664610416374, "nmi": 0.3268109753829379, "nmi_std": 0.11228518495329062, "ari": 0.2679993212223053, "ari_std": 0.13691306114196777, "recall_1": 0.5184, "recall_1_std": 0.1599556188447283, "recall_2": 0.7510000467300415, "recall_2_std": 0.12347063422203064}