{"dataset": "Cora", "split": "public", "model": "GCN2_HLBP", "device": 0, "seed": 0, "runs": 5, "epochs": 200, "lr": 0.01, "weight_decay": 0.0005, "early_stopping": 0, "hidden": 16, "dropout": 0.5, "normalize_features": true, "logger": "GCN2_HLBP-h0.1-Cora-public-Adam", "optimizer": "Adam", "momentum": 0.9, "eps": 0.01, "update_freq": 50, "hyperparam": null, "alpha": 0, "regularization": null, "hyperbolicity": 0.1, "path_results": "results/table4/", "loss": 0.7649757862091064, "acc": 0.8442000000000001, "loss_std": 0.03857294097542763, "acc_std": 0.003420526275297417, "duration": 22.76131248474121, "duration_std": 0.5476295351982117, "f1": 0.830415325010668, "f1_std": 0.00398137557118571, "auc": 0.9765821146578112, "auc_std": 0.0003993519717784933, "nmi": 0.6533279050449865, "nmi_std": 0.0059894310513813435, "ari": 0.6826627850532532, "ari_std": 0.005908306688070297, "recall_1": 0.8442000000000001, "recall_1_std": 0.003420526275297417, "recall_2": 0.9472000002861023, "recall_2_std": 0.005118592642247677}