{"dataset": "Cora", "split": "public", "model": "GCN2_HBP", "device": 0, "seed": 0, "runs": 5, "epochs": 200, "lr": 0.01, "weight_decay": 0.0005, "early_stopping": 0, "hidden": 16, "dropout": 0.5, "normalize_features": true, "logger": "GCN2_HBP-h0.1-Cora-public-Adam", "optimizer": "Adam", "momentum": 0.9, "eps": 0.01, "update_freq": 50, "hyperparam": null, "alpha": 0, "regularization": null, "hyperbolicity": 0.1, "path_results": "results/table4/", "loss": 0.6778565645217896, "acc": 0.8360000000000001, "loss_std": 0.026812531054019928, "acc_std": 0.004582575694955844, "duration": 19.58845329284668, "duration_std": 0.31244927644729614, "f1": 0.8249621262119163, "f1_std": 0.00649637578779054, "auc": 0.9743310931846979, "auc_std": 0.0013558285413578011, "nmi": 0.6431593289418077, "nmi_std": 0.010328312629494985, "ari": 0.6621500849723816, "ari_std": 0.008746741339564323, "recall_1": 0.8360000000000001, "recall_1_std": 0.004582575694955844, "recall_2": 0.9449999928474426, "recall_2_std": 0.0052440534345805645}