{"dataset": "CiteSeer", "split": "public", "model": "GCN2_HBPU", "device": 0, "seed": 0, "runs": 5, "epochs": 200, "lr": 0.01, "weight_decay": 0.0005, "early_stopping": 0, "hidden": 16, "dropout": 0.5, "normalize_features": true, "logger": "GCN2_HBPU-h0.1-CiteSeer-public-Adam", "optimizer": "Adam", "momentum": 0.9, "eps": 0.01, "update_freq": 50, "hyperparam": null, "alpha": 0.1, "regularization": "uniformity", "hyperbolicity": 0.1, "path_results": "results/table4/", "loss": 0.9109021425247192, "acc": 0.719, "loss_std": 0.005636113230139017, "acc_std": 0.006041522986797292, "duration": 24.056615829467773, "duration_std": 0.23214353621006012, "f1": 0.6801732277354107, "f1_std": 0.0025664957048063073, "auc": 0.8944124628364228, "auc_std": 0.006111164741040114, "nmi": 0.44796831171166485, "nmi_std": 0.006113130319019832, "ari": 0.4738416075706482, "ari_std": 0.008555859327316284, "recall_1": 0.719, "recall_1_std": 0.006041522986797292, "recall_2": 0.8565999865531921, "recall_2_std": 0.005856615956872702}