{"dataset": "PubMed", "split": "public", "model": "GCN2_HLBP", "device": 0, "seed": 0, "runs": 5, "epochs": 200, "lr": 0.01, "weight_decay": 0.0005, "early_stopping": 0, "hidden": 16, "dropout": 0.5, "normalize_features": true, "logger": "GCN2_HLBP-h0.01-PubMed-public-Adam", "optimizer": "Adam", "momentum": 0.9, "eps": 0.01, "update_freq": 50, "hyperparam": null, "alpha": 0, "regularization": null, "hyperbolicity": 0.01, "path_results": "results/table4/", "loss": 0.5018084645271301, "acc": 0.7984, "loss_std": 0.00313710724003613, "acc_std": 0.0032863353450309995, "duration": 41.280601501464844, "duration_std": 0.2307867705821991, "f1": 0.7924689554831387, "f1_std": 0.0030262438426645302, "auc": 0.9246768604395722, "auc_std": 0.0012616717478597505, "nmi": 0.4028485672049943, "nmi_std": 0.006226496837632611, "ari": 0.4719827175140381, "ari_std": 0.007525231223553419, "recall_1": 0.7984, "recall_1_std": 0.0032863353450309995, "recall_2": 0.967199981212616, "recall_2_std": 0.0013038236647844315}