{"dataset": "Cora", "split": "public", "model": "GCN2_HBPU", "device": 0, "seed": 0, "runs": 5, "epochs": 200, "lr": 0.01, "weight_decay": 0.0005, "early_stopping": 0, "hidden": 16, "dropout": 0.5, "normalize_features": true, "logger": "GCN2_HBPU-h1.0-Cora-public-Adam", "optimizer": "Adam", "momentum": 0.9, "eps": 0.01, "update_freq": 50, "hyperparam": null, "alpha": 0.1, "regularization": "uniformity", "hyperbolicity": 1.0, "path_results": "results/table4/", "loss": 1.3189620971679688, "acc": 0.8398, "loss_std": 0.026669254526495934, "acc_std": 0.0044944410108488505, "duration": 28.477941513061523, "duration_std": 0.2165278047323227, "f1": 0.8262957484397735, "f1_std": 0.00512319819475171, "auc": 0.9715050772308904, "auc_std": 0.002156422821144036, "nmi": 0.6504265794794358, "nmi_std": 0.009119167686999389, "ari": 0.6734675765037537, "ari_std": 0.010087626054883003, "recall_1": 0.8398, "recall_1_std": 0.0044944410108488505, "recall_2": 0.9430000185966492, "recall_2_std": 0.005787910893559456}