{"dataset": "CiteSeer", "split": "public", "model": "GCN2_HBP", "device": 0, "seed": 0, "runs": 5, "epochs": 200, "lr": 0.01, "weight_decay": 0.0005, "early_stopping": 0, "hidden": 16, "dropout": 0.5, "normalize_features": true, "logger": "GCN2_HBP-h0.01-CiteSeer-public-Adam", "optimizer": "Adam", "momentum": 0.9, "eps": 0.01, "update_freq": 50, "hyperparam": null, "alpha": 0, "regularization": null, "hyperbolicity": 0.01, "path_results": "results/table4/", "loss": 1.0253986120224, "acc": 0.713, "loss_std": 0.12562263011932373, "acc_std": 0.009354143466934861, "duration": 17.58145523071289, "duration_std": 0.469633013010025, "f1": 0.6766995861002953, "f1_std": 0.008499521182040457, "auc": 0.8982834313749825, "auc_std": 0.0039507165872297995, "nmi": 0.44729395510766057, "nmi_std": 0.012806850116846995, "ari": 0.467728853225708, "ari_std": 0.01618458703160286, "recall_1": 0.713, "recall_1_std": 0.009354143466934861, "recall_2": 0.8605999946594238, "recall_2_std": 0.004335912875831127}