{"dataset": "Cora", "split": "public", "model": "GCN2_HBPU", "device": 0, "seed": 0, "runs": 5, "epochs": 200, "lr": 0.01, "weight_decay": 0.0005, "early_stopping": 0, "hidden": 16, "dropout": 0.5, "normalize_features": true, "logger": "GCN2_HBPU-h0.01-Cora-public-Adam", "optimizer": "Adam", "momentum": 0.9, "eps": 0.01, "update_freq": 50, "hyperparam": null, "alpha": 0.1, "regularization": "uniformity", "hyperbolicity": 0.01, "path_results": "results/table4/", "loss": 0.6396318078041077, "acc": 0.8328, "loss_std": 0.013354181312024593, "acc_std": 0.005932958789676536, "duration": 28.86004066467285, "duration_std": 0.533218264579773, "f1": 0.819022706466149, "f1_std": 0.006435074335343099, "auc": 0.9697818459393981, "auc_std": 0.0017340225478304106, "nmi": 0.6363011004186943, "nmi_std": 0.00906550944648254, "ari": 0.6622015237808228, "ari_std": 0.009362098760902882, "recall_1": 0.8328, "recall_1_std": 0.005932958789676536, "recall_2": 0.9385999441146851, "recall_2_std": 0.0023021704982966185}