{"dataset": "Cora", "split": "public", "model": "GCN2_HBPU", "device": 0, "seed": 0, "runs": 5, "epochs": 200, "lr": 0.01, "weight_decay": 0.0005, "early_stopping": 0, "hidden": 16, "dropout": 0.5, "normalize_features": true, "logger": "GCN2_HBPU-h10-Cora-public-Adam", "optimizer": "Adam", "momentum": 0.9, "eps": 0.01, "update_freq": 50, "hyperparam": null, "alpha": 0.1, "regularization": "uniformity", "hyperbolicity": 10.0, "path_results": "results/table4/", "loss": 1.7316997051239014, "acc": 0.8392, "loss_std": 0.006451472174376249, "acc_std": 0.004086563348340513, "duration": 28.290481567382812, "duration_std": 0.37451499700546265, "f1": 0.8294614121186019, "f1_std": 0.004891380220839366, "auc": 0.9717275645343681, "auc_std": 0.0009189741714060566, "nmi": 0.653573123686939, "nmi_std": 0.008511378638635153, "ari": 0.6660188436508179, "ari_std": 0.006378450896590948, "recall_1": 0.8392, "recall_1_std": 0.004086563348340513, "recall_2": 0.9425999522209167, "recall_2_std": 0.004615197889506817}