{"dataset": "CiteSeer", "split": "public", "model": "GCN2_HBP", "device": 0, "seed": 0, "runs": 5, "epochs": 200, "lr": 0.01, "weight_decay": 0.0005, "early_stopping": 0, "hidden": 16, "dropout": 0.5, "normalize_features": true, "logger": "GCN2_HBP-h0.1-CiteSeer-public-Adam", "optimizer": "Adam", "momentum": 0.9, "eps": 0.01, "update_freq": 50, "hyperparam": null, "alpha": 0, "regularization": null, "hyperbolicity": 0.1, "path_results": "results/table4/", "loss": 0.8961009979248047, "acc": 0.7209999999999999, "loss_std": 0.022267095744609833, "acc_std": 0.0078102496759066605, "duration": 17.282602310180664, "duration_std": 0.29279962182044983, "f1": 0.6852789931460546, "f1_std": 0.010024192729010522, "auc": 0.9016675220019457, "auc_std": 0.0025745370243477022, "nmi": 0.45661551022502633, "nmi_std": 0.004447991972621877, "ari": 0.478341281414032, "ari_std": 0.013328693807125092, "recall_1": 0.7209999999999999, "recall_1_std": 0.0078102496759066605, "recall_2": 0.8659999966621399, "recall_2_std": 0.005612477660179138}