{"dataset": "PubMed", "split": "public", "model": "GCN2_HBPU", "device": 0, "seed": 0, "runs": 5, "epochs": 200, "lr": 0.01, "weight_decay": 0.0005, "early_stopping": 0, "hidden": 16, "dropout": 0.5, "normalize_features": true, "logger": "GCN2_HBPU-h100-PubMed-public-Adam", "optimizer": "Adam", "momentum": 0.9, "eps": 0.01, "update_freq": 50, "hyperparam": null, "alpha": 0.1, "regularization": "uniformity", "hyperbolicity": 100.0, "path_results": "results/table4/", "loss": 1.044431447982788, "acc": 0.7962, "loss_std": 0.0015258461935445666, "acc_std": 0.009884331034521262, "duration": 30.1557674407959, "duration_std": 0.20075368881225586, "f1": 0.7913420730890267, "f1_std": 0.007761913884397848, "auc": 0.9161181035757305, "auc_std": 0.007068400256840205, "nmi": 0.4112022198097448, "nmi_std": 0.009888940591576509, "ari": 0.47017282247543335, "ari_std": 0.021579459309577942, "recall_1": 0.7962, "recall_1_std": 0.009884331034521262, "recall_2": 0.9678000211715698, "recall_2_std": 0.0033466548193246126}