{"dataset": "CiteSeer", "split": "public", "model": "GCN2_HBP", "device": 0, "seed": 0, "runs": 5, "epochs": 200, "lr": 0.01, "weight_decay": 0.0005, "early_stopping": 0, "hidden": 16, "dropout": 0.5, "normalize_features": true, "logger": "GCN2_HBP-h1.0-CiteSeer-public-Adam", "optimizer": "Adam", "momentum": 0.9, "eps": 0.01, "update_freq": 50, "hyperparam": null, "alpha": 0, "regularization": null, "hyperbolicity": 1.0, "path_results": "results/table4/", "loss": 1.2960398197174072, "acc": 0.7247999999999999, "loss_std": 0.0037868740037083626, "acc_std": 0.007694153624668545, "duration": 17.361433029174805, "duration_std": 0.21137389540672302, "f1": 0.6867199123018625, "f1_std": 0.009635598424897203, "auc": 0.903496875677579, "auc_std": 0.003158026345503229, "nmi": 0.4611985397558177, "nmi_std": 0.009456116625182396, "ari": 0.48273029923439026, "ari_std": 0.01300241518765688, "recall_1": 0.7247999999999999, "recall_1_std": 0.007694153624668545, "recall_2": 0.8765999674797058, "recall_2_std": 0.006655828095972538}