{"dataset": "PubMed", "split": "public", "model": "GCN2_HBP", "device": 0, "seed": 0, "runs": 5, "epochs": 200, "lr": 0.01, "weight_decay": 0.0005, "early_stopping": 0, "hidden": 16, "dropout": 0.5, "normalize_features": true, "logger": "GCN2_HBP-h0.01-PubMed-public-Adam", "optimizer": "Adam", "momentum": 0.9, "eps": 0.01, "update_freq": 50, "hyperparam": null, "alpha": 0, "regularization": null, "hyperbolicity": 0.01, "path_results": "results/table4/", "loss": 0.555371105670929, "acc": 0.7954000000000001, "loss_std": 0.02652714028954506, "acc_std": 0.005504543577809159, "duration": 30.04287338256836, "duration_std": 0.2889553904533386, "f1": 0.7909290307251255, "f1_std": 0.004796587526161106, "auc": 0.9177385221453017, "auc_std": 0.0018538581356916531, "nmi": 0.39870699057544556, "nmi_std": 0.009612234514859283, "ari": 0.4636595845222473, "ari_std": 0.013203147798776627, "recall_1": 0.7954000000000001, "recall_1_std": 0.005504543577809159, "recall_2": 0.9643999934196472, "recall_2_std": 0.0016733217053115368}