{"dataset": "PubMed", "split": "public", "model": "GCN2_HBP", "device": 0, "seed": 0, "runs": 5, "epochs": 200, "lr": 0.01, "weight_decay": 0.0005, "early_stopping": 0, "hidden": 16, "dropout": 0.5, "normalize_features": true, "logger": "GCN2_HBP-h1.0-PubMed-public-Adam", "optimizer": "Adam", "momentum": 0.9, "eps": 0.01, "update_freq": 50, "hyperparam": null, "alpha": 0, "regularization": null, "hyperbolicity": 1.0, "path_results": "results/table4/", "loss": 0.6927129030227661, "acc": 0.8002, "loss_std": 0.004905764013528824, "acc_std": 0.003033150177620623, "duration": 30.689687728881836, "duration_std": 0.24235883355140686, "f1": 0.7940767908858137, "f1_std": 0.0014057949238405955, "auc": 0.9220368883080748, "auc_std": 0.0016808806593878833, "nmi": 0.4062969075768167, "nmi_std": 0.005484811273282092, "ari": 0.4757389426231384, "ari_std": 0.008917947299778461, "recall_1": 0.8002, "recall_1_std": 0.003033150177620623, "recall_2": 0.9661999940872192, "recall_2_std": 0.0022803503088653088}