{"dataset": "CiteSeer", "split": "public", "model": "GCN2_HLBP", "device": 0, "seed": 0, "runs": 5, "epochs": 200, "lr": 0.01, "weight_decay": 0.0005, "early_stopping": 0, "hidden": 16, "dropout": 0.5, "normalize_features": true, "logger": "GCN2_HLBP-h0.1-CiteSeer-public-Adam", "optimizer": "Adam", "momentum": 0.9, "eps": 0.01, "update_freq": 50, "hyperparam": null, "alpha": 0, "regularization": null, "hyperbolicity": 0.1, "path_results": "results/table4/", "loss": 1.0240306854248047, "acc": 0.7283999999999999, "loss_std": 0.027229109779000282, "acc_std": 0.005079370039680122, "duration": 21.193429946899414, "duration_std": 0.23690561950206757, "f1": 0.6876214155546471, "f1_std": 0.007442834554316312, "auc": 0.9100071570424486, "auc_std": 0.0012297177971269217, "nmi": 0.4607716548851159, "nmi_std": 0.005747969509352156, "ari": 0.4888610243797302, "ari_std": 0.007170064374804497, "recall_1": 0.7283999999999999, "recall_1_std": 0.005079370039680122, "recall_2": 0.8756000399589539, "recall_2_std": 0.007092253305017948}