{"dataset": "CiteSeer", "split": "public", "model": "GCN2_HLBP", "device": 0, "seed": 0, "runs": 5, "epochs": 200, "lr": 0.01, "weight_decay": 0.0005, "early_stopping": 0, "hidden": 16, "dropout": 0.5, "normalize_features": true, "logger": "GCN2_HLBP-h100-CiteSeer-public-Adam", "optimizer": "Adam", "momentum": 0.9, "eps": 0.01, "update_freq": 50, "hyperparam": null, "alpha": 0, "regularization": null, "hyperbolicity": 100.0, "path_results": "results/table4/", "loss": 1.7433977127075195, "acc": 0.7372, "loss_std": 0.0006084168562665582, "acc_std": 0.0055856960175075816, "duration": 20.366519927978516, "duration_std": 0.2064652293920517, "f1": 0.6851022267671466, "f1_std": 0.010199579422245003, "auc": 0.9031572826575729, "auc_std": 0.003227871140295313, "nmi": 0.4743949315757742, "nmi_std": 0.0033583961286710456, "ari": 0.5009667873382568, "ari_std": 0.010923289693892002, "recall_1": 0.7372, "recall_1_std": 0.0055856960175075816, "recall_2": 0.8694000244140625, "recall_2_std": 0.015883956104516983}