{"dataset": "Cora", "split": "public", "model": "GCN2_HLBP", "device": 0, "seed": 0, "runs": 5, "epochs": 200, "lr": 0.01, "weight_decay": 0.0005, "early_stopping": 0, "hidden": 16, "dropout": 0.5, "normalize_features": true, "logger": "GCN2_HLBP-h1.0-Cora-public-Adam", "optimizer": "Adam", "momentum": 0.9, "eps": 0.01, "update_freq": 50, "hyperparam": null, "alpha": 0, "regularization": null, "hyperbolicity": 1.0, "path_results": "results/table4/", "loss": 1.4004619121551514, "acc": 0.8443999999999999, "loss_std": 0.01234344020485878, "acc_std": 0.0061073725938409935, "duration": 22.698148727416992, "duration_std": 0.5493343472480774, "f1": 0.8312832177741521, "f1_std": 0.007248857500195243, "auc": 0.9751013644862855, "auc_std": 0.0006971501799618269, "nmi": 0.6558984687650348, "nmi_std": 0.011700989376137953, "ari": 0.6805680990219116, "ari_std": 0.010861959308385849, "recall_1": 0.8443999999999999, "recall_1_std": 0.0061073725938409935, "recall_2": 0.9453999400138855, "recall_2_std": 0.00357770430855453}