{"dataset": "Cora", "split": "public", "model": "GCN2_HLBP", "device": 0, "seed": 0, "runs": 5, "epochs": 200, "lr": 0.01, "weight_decay": 0.0005, "early_stopping": 0, "hidden": 16, "dropout": 0.5, "normalize_features": true, "logger": "GCN2_HLBP-h0.01-Cora-public-Adam", "optimizer": "Adam", "momentum": 0.9, "eps": 0.01, "update_freq": 50, "hyperparam": null, "alpha": 0, "regularization": null, "hyperbolicity": 0.01, "path_results": "results/table4/", "loss": 0.6196110844612122, "acc": 0.8446, "loss_std": 0.0421556681394577, "acc_std": 0.004037325847637273, "duration": 21.99114990234375, "duration_std": 0.27281057834625244, "f1": 0.8298687970582066, "f1_std": 0.0048497454039423335, "auc": 0.9748622160313622, "auc_std": 0.00036191620702172354, "nmi": 0.6531122436222072, "nmi_std": 0.007267063439933479, "ari": 0.6860001087188721, "ari_std": 0.008366636000573635, "recall_1": 0.8446, "recall_1_std": 0.004037325847637273, "recall_2": 0.9451999664306641, "recall_2_std": 0.0040865689516067505}