{"dataset": "CiteSeer", "split": "public", "model": "GCN2_HLBP", "device": 0, "seed": 0, "runs": 5, "epochs": 200, "lr": 0.01, "weight_decay": 0.0005, "early_stopping": 0, "hidden": 16, "dropout": 0.5, "normalize_features": true, "logger": "GCN2_HLBP-h10-CiteSeer-public-Adam", "optimizer": "Adam", "momentum": 0.9, "eps": 0.01, "update_freq": 50, "hyperparam": null, "alpha": 0, "regularization": null, "hyperbolicity": 10.0, "path_results": "results/table4/", "loss": 1.6460695266723633, "acc": 0.733, "loss_std": 0.0031849006190896034, "acc_std": 0.006000000000000005, "duration": 21.231403350830078, "duration_std": 0.1451433002948761, "f1": 0.6880352242650349, "f1_std": 0.00541391178585725, "auc": 0.9082420504576081, "auc_std": 0.0018674725683715215, "nmi": 0.4680821861709112, "nmi_std": 0.007359376990498999, "ari": 0.4960598349571228, "ari_std": 0.010387810878455639, "recall_1": 0.733, "recall_1_std": 0.006000000000000005, "recall_2": 0.8807999491691589, "recall_2_std": 0.009444559924304485}