{"dataset": "PubMed", "split": "public", "model": "GCN2_HBP", "device": 0, "seed": 0, "runs": 5, "epochs": 200, "lr": 0.01, "weight_decay": 0.0005, "early_stopping": 0, "hidden": 16, "dropout": 0.5, "normalize_features": true, "logger": "GCN2_HBP-h10-PubMed-public-Adam", "optimizer": "Adam", "momentum": 0.9, "eps": 0.01, "update_freq": 50, "hyperparam": null, "alpha": 0, "regularization": null, "hyperbolicity": 10.0, "path_results": "results/table4/", "loss": 0.9414207339286804, "acc": 0.7998000000000001, "loss_std": 0.003440042259171605, "acc_std": 0.005069516742254635, "duration": 30.29598045349121, "duration_std": 0.24965208768844604, "f1": 0.7931503648745036, "f1_std": 0.004887547724070969, "auc": 0.921048965540491, "auc_std": 0.00182564229402647, "nmi": 0.41118690974162153, "nmi_std": 0.008639817030527002, "ari": 0.4771968424320221, "ari_std": 0.010580305010080338, "recall_1": 0.7998000000000001, "recall_1_std": 0.005069516742254635, "recall_2": 0.9642000198364258, "recall_2_std": 0.0027748988941311836}