{"dataset": "CiteSeer", "split": "public", "model": "GCN2_HBPU", "device": 0, "seed": 0, "runs": 5, "epochs": 200, "lr": 0.01, "weight_decay": 0.0005, "early_stopping": 0, "hidden": 16, "dropout": 0.5, "normalize_features": true, "logger": "GCN2_HBPU-h1.0-CiteSeer-public-Adam", "optimizer": "Adam", "momentum": 0.9, "eps": 0.01, "update_freq": 50, "hyperparam": null, "alpha": 0.1, "regularization": "uniformity", "hyperbolicity": 1.0, "path_results": "results/table4/", "loss": 1.2803089618682861, "acc": 0.7263999999999999, "loss_std": 0.015017331577837467, "acc_std": 0.0036469165057620967, "duration": 23.747413635253906, "duration_std": 0.2958875596523285, "f1": 0.6846527811789695, "f1_std": 0.004937464711261934, "auc": 0.8911786938190479, "auc_std": 0.006380308863982493, "nmi": 0.4590824822188339, "nmi_std": 0.005652936604920703, "ari": 0.48792582750320435, "ari_std": 0.007302188314497471, "recall_1": 0.7263999999999999, "recall_1_std": 0.0036469165057620967, "recall_2": 0.8669999837875366, "recall_2_std": 0.009617690928280354}