{"dataset": "CiteSeer", "split": "public", "model": "GCN2_HBPU", "device": 0, "seed": 0, "runs": 5, "epochs": 200, "lr": 0.01, "weight_decay": 0.0005, "early_stopping": 0, "hidden": 16, "dropout": 0.5, "normalize_features": true, "logger": "GCN2_HBPU-h0.01-CiteSeer-public-Adam", "optimizer": "Adam", "momentum": 0.9, "eps": 0.01, "update_freq": 50, "hyperparam": null, "alpha": 0.1, "regularization": "uniformity", "hyperbolicity": 0.01, "path_results": "results/table4/", "loss": 0.969792366027832, "acc": 0.712, "loss_std": 0.02581988088786602, "acc_std": 0.009899494936611675, "duration": 22.60141372680664, "duration_std": 0.25627100467681885, "f1": 0.666966388631878, "f1_std": 0.006089962353374324, "auc": 0.8886916936057556, "auc_std": 0.0023194280282027194, "nmi": 0.43442430833033807, "nmi_std": 0.012634107734940156, "ari": 0.45915213227272034, "ari_std": 0.016599511727690697, "recall_1": 0.712, "recall_1_std": 0.009899494936611675, "recall_2": 0.8578000068664551, "recall_2_std": 0.008642912842333317}