{"dataset": "PubMed", "split": "public", "model": "GCN2_HBPU", "device": 0, "seed": 0, "runs": 5, "epochs": 200, "lr": 0.01, "weight_decay": 0.0005, "early_stopping": 0, "hidden": 16, "dropout": 0.5, "normalize_features": true, "logger": "GCN2_HBPU-h0.01-PubMed-public-Adam", "optimizer": "Adam", "momentum": 0.9, "eps": 0.01, "update_freq": 50, "hyperparam": null, "alpha": 0.1, "regularization": "uniformity", "hyperbolicity": 0.01, "path_results": "results/table4/", "loss": 0.7304091453552246, "acc": 0.7746000000000001, "loss_std": 0.02107260189950466, "acc_std": 0.01619567843592853, "duration": 30.024639129638672, "duration_std": 0.3037053346633911, "f1": 0.7739500673299047, "f1_std": 0.012808523885281546, "auc": 0.9065290626307576, "auc_std": 0.0057057370742218776, "nmi": 0.3695492023584416, "nmi_std": 0.02153128029052758, "ari": 0.41820043325424194, "ari_std": 0.03460671752691269, "recall_1": 0.7746000000000001, "recall_1_std": 0.01619567843592853, "recall_2": 0.9546000361442566, "recall_2_std": 0.010761049576103687}