{"dataset": "PubMed", "split": "public", "model": "GCN2_HBPU", "device": 0, "seed": 0, "runs": 5, "epochs": 200, "lr": 0.01, "weight_decay": 0.0005, "early_stopping": 0, "hidden": 16, "dropout": 0.5, "normalize_features": true, "logger": "GCN2_HBPU-h10-PubMed-public-Adam", "optimizer": "Adam", "momentum": 0.9, "eps": 0.01, "update_freq": 50, "hyperparam": null, "alpha": 0.1, "regularization": "uniformity", "hyperbolicity": 10.0, "path_results": "results/table4/", "loss": 0.9328054189682007, "acc": 0.804, "loss_std": 0.0033455428201705217, "acc_std": 0.0071063352017759155, "duration": 32.179832458496094, "duration_std": 0.38439300656318665, "f1": 0.7968887023589631, "f1_std": 0.006947396181979111, "auc": 0.9180150709811727, "auc_std": 0.0013937808321613024, "nmi": 0.4183184195679755, "nmi_std": 0.012221445069649896, "ari": 0.48569256067276, "ari_std": 0.015150127001106739, "recall_1": 0.804, "recall_1_std": 0.0071063352017759155, "recall_2": 0.965999960899353, "recall_2_std": 0.0021213211584836245}