{"dataset": "PubMed", "split": "public", "model": "GCN2_HLBP", "device": 0, "seed": 0, "runs": 5, "epochs": 200, "lr": 0.01, "weight_decay": 0.0005, "early_stopping": 0, "hidden": 16, "dropout": 0.5, "normalize_features": true, "logger": "GCN2_HLBP-h100-PubMed-public-Adam", "optimizer": "Adam", "momentum": 0.9, "eps": 0.01, "update_freq": 50, "hyperparam": null, "alpha": 0, "regularization": null, "hyperbolicity": 100.0, "path_results": "results/table4/", "loss": 1.0456453561782837, "acc": 0.8014000000000001, "loss_std": 0.0004928747075609863, "acc_std": 0.004159326868617088, "duration": 41.317283630371094, "duration_std": 0.27103573083877563, "f1": 0.7944466482566044, "f1_std": 0.003433149927838733, "auc": 0.9238823040517955, "auc_std": 0.002264130905836015, "nmi": 0.41699522545734286, "nmi_std": 0.004541175828800685, "ari": 0.48075899481773376, "ari_std": 0.009506688453257084, "recall_1": 0.8014000000000001, "recall_1_std": 0.004159326868617088, "recall_2": 0.9694000482559204, "recall_2_std": 0.0028809825889766216}