{"dataset": "CiteSeer", "split": "public", "model": "GCN2_HBPU", "device": 0, "seed": 0, "runs": 5, "epochs": 200, "lr": 0.01, "weight_decay": 0.0005, "early_stopping": 0, "hidden": 16, "dropout": 0.5, "normalize_features": true, "logger": "GCN2_HBPU-h10-CiteSeer-public-Adam", "optimizer": "Adam", "momentum": 0.9, "eps": 0.01, "update_freq": 50, "hyperparam": null, "alpha": 0.1, "regularization": "uniformity", "hyperbolicity": 10.0, "path_results": "results/table4/", "loss": 1.6093199253082275, "acc": 0.7345999999999999, "loss_std": 0.0075390879064798355, "acc_std": 0.0061073725938409935, "duration": 24.170242309570312, "duration_std": 0.21338874101638794, "f1": 0.6888102604365118, "f1_std": 0.006600111657197661, "auc": 0.8996230834255291, "auc_std": 0.004836946268571628, "nmi": 0.4659881684178802, "nmi_std": 0.008003142911347814, "ari": 0.49690207839012146, "ari_std": 0.011090457439422607, "recall_1": 0.7345999999999999, "recall_1_std": 0.0061073725938409935, "recall_2": 0.8822000622749329, "recall_2_std": 0.004969912581145763}