{"dataset": "Cora", "split": "public", "model": "GCN2_HBPU", "device": 0, "seed": 0, "runs": 5, "epochs": 200, "lr": 0.01, "weight_decay": 0.0005, "early_stopping": 0, "hidden": 16, "dropout": 0.5, "normalize_features": true, "logger": "GCN2_HBPU-h0.1-Cora-public-Adam", "optimizer": "Adam", "momentum": 0.9, "eps": 0.01, "update_freq": 50, "hyperparam": null, "alpha": 0.1, "regularization": "uniformity", "hyperbolicity": 0.1, "path_results": "results/table4/", "loss": 0.6746637225151062, "acc": 0.8382, "loss_std": 0.021429438143968582, "acc_std": 0.0038987177379235893, "duration": 28.857263565063477, "duration_std": 0.11284839361906052, "f1": 0.8267232426684525, "f1_std": 0.003474035860654106, "auc": 0.9750418917047223, "auc_std": 0.001249436808407567, "nmi": 0.6458892933956429, "nmi_std": 0.005305361161073142, "ari": 0.6669130325317383, "ari_std": 0.010218409821391106, "recall_1": 0.8382, "recall_1_std": 0.0038987177379235893, "recall_2": 0.9431999921798706, "recall_2_std": 0.00637965090572834}