{"dataset": "CiteSeer", "split": "public", "model": "GCN_HBP", "device": 0, "seed": 0, "runs": 5, "epochs": 200, "lr": 0.01, "weight_decay": 0.0005, "early_stopping": 0, "hidden": 16, "dropout": 0.5, "normalize_features": true, "logger": "GCN_HBP-h1-CiteSeer-public-Adam", "optimizer": "Adam", "momentum": 0.9, "eps": 0.01, "update_freq": 50, "hyperparam": null, "alpha": 0, "regularization": null, "hyperbolicity": 1.0, "path_results": "results/table5/", "loss": 1.396384596824646, "acc": 0.6298, "loss_std": 0.04196128249168396, "acc_std": 0.028960317677815647, "duration": 10.960855484008789, "duration_std": 0.18814925849437714, "f1": 0.600973673898052, "f1_std": 0.02482031574954808, "auc": 0.8503733948465628, "auc_std": 0.011209984132585728, "nmi": 0.3562647252783694, "nmi_std": 0.019772214691246678, "ari": 0.34134718775749207, "ari_std": 0.041043639183044434, "recall_1": 0.6298, "recall_1_std": 0.028960317677815647, "recall_2": 0.8093999624252319, "recall_2_std": 0.010644250549376011}