{"dataset": "Cora", "split": "public", "model": "GCN_HBP", "device": 0, "seed": 0, "runs": 5, "epochs": 200, "lr": 0.01, "weight_decay": 0.0005, "early_stopping": 0, "hidden": 16, "dropout": 0.5, "normalize_features": true, "logger": "GCN_HBP-h1-Cora-public-Adam", "optimizer": "Adam", "momentum": 0.9, "eps": 0.01, "update_freq": 50, "hyperparam": null, "alpha": 0, "regularization": null, "hyperbolicity": 1.0, "path_results": "results/table5/", "loss": 1.35337495803833, "acc": 0.7811999999999999, "loss_std": 0.013862904161214828, "acc_std": 0.0111892805845595, "duration": 13.290371894836426, "duration_std": 0.3891805410385132, "f1": 0.7622691875067262, "f1_std": 0.011184997085619491, "auc": 0.9470100741481952, "auc_std": 0.005472700100527598, "nmi": 0.5619189711032526, "nmi_std": 0.012056609408008201, "ari": 0.5799433588981628, "ari_std": 0.0176744032651186, "recall_1": 0.7811999999999999, "recall_1_std": 0.0111892805845595, "recall_2": 0.8996000289916992, "recall_2_std": 0.003577711759135127}