{"dataset": "PubMed", "split": "public", "model": "GCN_HBP", "device": 0, "seed": 0, "runs": 5, "epochs": 200, "lr": 0.01, "weight_decay": 0.0005, "early_stopping": 0, "hidden": 16, "dropout": 0.5, "normalize_features": true, "logger": "GCN_HBP-h1-PubMed-public-Adam", "optimizer": "Adam", "momentum": 0.9, "eps": 0.01, "update_freq": 50, "hyperparam": null, "alpha": 0, "regularization": null, "hyperbolicity": 1.0, "path_results": "results/table5/", "loss": 0.8496320843696594, "acc": 0.5214000000000001, "loss_std": 0.0030540821608155966, "acc_std": 0.002509980079602229, "duration": 6.250969886779785, "duration_std": 0.28440961241722107, "f1": 0.46488048833914225, "f1_std": 0.010871988499794387, "auc": 0.7784590451115875, "auc_std": 0.010004464401777697, "nmi": 0.258085305603929, "nmi_std": 0.004700325099131084, "ari": 0.23483285307884216, "ari_std": 0.006171034649014473, "recall_1": 0.5214000000000001, "recall_1_std": 0.002509980079602229, "recall_2": 0.9366000294685364, "recall_2_std": 0.002302174223586917}