{"dataset": "CiteSeer", "split": "public", "model": "SAGE_HBP", "device": 0, "seed": 0, "runs": 5, "epochs": 200, "lr": 0.01, "weight_decay": 0.0005, "early_stopping": 0, "hidden": 16, "dropout": 0.5, "normalize_features": true, "logger": "SAGE_HBP-h1-CiteSeer-public-Adam", "optimizer": "Adam", "momentum": 0.9, "eps": 0.01, "update_freq": 50, "hyperparam": null, "alpha": 0, "regularization": null, "hyperbolicity": 1.0, "path_results": "results/table5/", "loss": 1.3783953189849854, "acc": 0.6496000000000001, "loss_std": 0.03588741272687912, "acc_std": 0.0169499262535269, "duration": 11.831110954284668, "duration_std": 0.2377701848745346, "f1": 0.6243666189214472, "f1_std": 0.013117236010338564, "auc": 0.8343449840802629, "auc_std": 0.005921280353174172, "nmi": 0.36334967726793654, "nmi_std": 0.010378921952162319, "ari": 0.3603927195072174, "ari_std": 0.01674600876867771, "recall_1": 0.6496000000000001, "recall_1_std": 0.0169499262535269, "recall_2": 0.7789999842643738, "recall_2_std": 0.014611645601689816}