{"dataset": "PubMed", "split": "public", "model": "SAGE_HBP", "device": 0, "seed": 0, "runs": 5, "epochs": 200, "lr": 0.01, "weight_decay": 0.0005, "early_stopping": 0, "hidden": 16, "dropout": 0.5, "normalize_features": true, "logger": "SAGE_HBP-h1-PubMed-public-Adam", "optimizer": "Adam", "momentum": 0.9, "eps": 0.01, "update_freq": 50, "hyperparam": null, "alpha": 0, "regularization": null, "hyperbolicity": 1.0, "path_results": "results/table5/", "loss": 0.6983324289321899, "acc": 0.7652, "loss_std": 0.010769139975309372, "acc_std": 0.004147288270665548, "duration": 7.094581604003906, "duration_std": 0.2546219825744629, "f1": 0.759228749096567, "f1_std": 0.004666129916311169, "auc": 0.8933417734265191, "auc_std": 0.003971431359704946, "nmi": 0.3468559867255581, "nmi_std": 0.010550338751012028, "ari": 0.40441352128982544, "ari_std": 0.009850081987679005, "recall_1": 0.7652, "recall_1_std": 0.004147288270665548, "recall_2": 0.9538000226020813, "recall_2_std": 0.005540763959288597}