{"dataset": "Cora", "split": "public", "model": "SAGE_HBP", "device": 0, "seed": 0, "runs": 5, "epochs": 200, "lr": 0.01, "weight_decay": 0.0005, "early_stopping": 0, "hidden": 16, "dropout": 0.5, "normalize_features": true, "logger": "SAGE_HBP-h1-Cora-public-Adam", "optimizer": "Adam", "momentum": 0.9, "eps": 0.01, "update_freq": 50, "hyperparam": null, "alpha": 0, "regularization": null, "hyperbolicity": 1.0, "path_results": "results/table5/", "loss": 1.354355812072754, "acc": 0.7778, "loss_std": 0.011890638619661331, "acc_std": 0.009038805230781342, "duration": 13.379058837890625, "duration_std": 0.26911360025405884, "f1": 0.7681172183453142, "f1_std": 0.007821518105253106, "auc": 0.927281328560413, "auc_std": 0.0058452166809797295, "nmi": 0.5512642580701581, "nmi_std": 0.01085847551219211, "ari": 0.5499807000160217, "ari_std": 0.018642501905560493, "recall_1": 0.7778, "recall_1_std": 0.009038805230781342, "recall_2": 0.8804000020027161, "recall_2_std": 0.0050299097783863544}