{"dataset": "Cora", "split": "public", "model": "GCN2_HBPU", "device": 0, "seed": 0, "runs": 5, "epochs": 200, "lr": 0.01, "weight_decay": 0.0005, "early_stopping": 0, "hidden": 16, "dropout": 0.5, "normalize_features": true, "logger": "GCN2_HBPU-Cora-public-Adam-u0.2", "optimizer": "Adam", "momentum": 0.9, "eps": 0.01, "update_freq": 50, "hyperparam": null, "alpha": 0.2, "regularization": "uniformity", "loss": 1.3175808191299438, "acc": 0.8408, "loss_std": 0.024549463763833046, "acc_std": 0.005357238094391554, "duration": 26.914051055908203, "duration_std": 0.38352787494659424, "f1": 0.8300779265318345, "f1_std": 0.004885973317060251, "auc": 0.9716854786021148, "auc_std": 0.002177135470053212, "nmi": 0.6523837100841374, "nmi_std": 0.007692555254958578, "ari": 0.6701442003250122, "ari_std": 0.01264286134392023, "recall_1": 0.8408, "recall_1_std": 0.005357238094391554, "recall_2": 0.9403999447822571, "recall_2_std": 0.004722283687442541}