{"dataset": "PubMed", "split": "public", "model": "GCN2_HBPU", "device": 0, "seed": 0, "runs": 5, "epochs": 200, "lr": 0.01, "weight_decay": 0.0005, "early_stopping": 0, "hidden": 16, "dropout": 0.5, "normalize_features": true, "logger": "GCN2_HBPU-PubMed-public-Adam-u50.0", "optimizer": "Adam", "momentum": 0.9, "eps": 0.01, "update_freq": 50, "hyperparam": null, "alpha": 50.0, "regularization": "uniformity", "loss": 0.6766279935836792, "acc": 0.8, "loss_std": 0.008025038056075573, "acc_std": 0.004358898943540677, "duration": 30.102310180664062, "duration_std": 0.21025453507900238, "f1": 0.7926921041473803, "f1_std": 0.00447606974568794, "auc": 0.9226917617595584, "auc_std": 0.001685765325087022, "nmi": 0.4059133401152888, "nmi_std": 0.009741291575504366, "ari": 0.4772647023200989, "ari_std": 0.00936259888112545, "recall_1": 0.8, "recall_1_std": 0.004358898943540677, "recall_2": 0.9657999873161316, "recall_2_std": 0.0013038511388003826}