{"dataset": "PubMed", "split": "public", "model": "GCN2_HBPU", "device": 0, "seed": 0, "runs": 5, "epochs": 200, "lr": 0.01, "weight_decay": 0.0005, "early_stopping": 0, "hidden": 16, "dropout": 0.5, "normalize_features": true, "logger": "GCN2_HBPU-PubMed-public-Adam-u2.0", "optimizer": "Adam", "momentum": 0.9, "eps": 0.01, "update_freq": 50, "hyperparam": null, "alpha": 2.0, "regularization": "uniformity", "loss": 0.6764136552810669, "acc": 0.8030000000000002, "loss_std": 0.0066172461956739426, "acc_std": 0.0035355339059327407, "duration": 30.128543853759766, "duration_std": 0.15309134125709534, "f1": 0.7946730682903567, "f1_std": 0.0033104402778634597, "auc": 0.9231603097704791, "auc_std": 0.002335089217731027, "nmi": 0.4132594818750179, "nmi_std": 0.0073173842785437876, "ari": 0.4858224391937256, "ari_std": 0.00851310696452856, "recall_1": 0.8030000000000002, "recall_1_std": 0.0035355339059327407, "recall_2": 0.968000054359436, "recall_2_std": 0.0014142164727672935}