{"dataset": "PubMed", "split": "public", "model": "GCN2_HBPU", "device": 0, "seed": 0, "runs": 5, "epochs": 200, "lr": 0.01, "weight_decay": 0.0005, "early_stopping": 0, "hidden": 16, "dropout": 0.5, "normalize_features": true, "logger": "GCN2_HBPU-PubMed-public-Adam-u5.0", "optimizer": "Adam", "momentum": 0.9, "eps": 0.01, "update_freq": 50, "hyperparam": null, "alpha": 5.0, "regularization": "uniformity", "loss": 0.6762339472770691, "acc": 0.8016, "loss_std": 0.008618923835456371, "acc_std": 0.004393176527297763, "duration": 30.14727783203125, "duration_std": 0.1991286724805832, "f1": 0.7942351428053831, "f1_std": 0.0045080977647144055, "auc": 0.9228386883471629, "auc_std": 0.002026322841247396, "nmi": 0.4093633220713876, "nmi_std": 0.008855923435024336, "ari": 0.48066258430480957, "ari_std": 0.009355731308460236, "recall_1": 0.8016, "recall_1_std": 0.004393176527297763, "recall_2": 0.9673999547958374, "recall_2_std": 0.0016733217053115368}