{"dataset": "Cora", "split": "public", "model": "GCN2_HBPU", "device": 0, "seed": 0, "runs": 5, "epochs": 200, "lr": 0.01, "weight_decay": 0.0005, "early_stopping": 0, "hidden": 16, "dropout": 0.5, "normalize_features": true, "logger": "GCN2_HBPU-Cora-public-Adam-u5.0", "optimizer": "Adam", "momentum": 0.9, "eps": 0.01, "update_freq": 50, "hyperparam": null, "alpha": 5.0, "regularization": "uniformity", "loss": 1.3192479610443115, "acc": 0.845, "loss_std": 0.026833876967430115, "acc_std": 0.006403124237432854, "duration": 27.15765380859375, "duration_std": 0.3971664607524872, "f1": 0.8325593399170728, "f1_std": 0.007540835066735647, "auc": 0.9713653276253341, "auc_std": 0.002157065450136311, "nmi": 0.6585909152157473, "nmi_std": 0.008402958789627282, "ari": 0.6823703050613403, "ari_std": 0.009948446415364742, "recall_1": 0.845, "recall_1_std": 0.006403124237432854, "recall_2": 0.9439999461174011, "recall_2_std": 0.003082215553149581}