{"dataset": "Cora", "split": "public", "model": "GCN2_HBPU", "device": 0, "seed": 0, "runs": 5, "epochs": 200, "lr": 0.01, "weight_decay": 0.0005, "early_stopping": 0, "hidden": 16, "dropout": 0.5, "normalize_features": true, "logger": "GCN2_HBPU-Cora-public-Adam-u1.0", "optimizer": "Adam", "momentum": 0.9, "eps": 0.01, "update_freq": 50, "hyperparam": null, "alpha": 1.0, "regularization": "uniformity", "loss": 1.3196055889129639, "acc": 0.8416, "loss_std": 0.026266057044267654, "acc_std": 0.004277849927241491, "duration": 27.392078399658203, "duration_std": 0.17145752906799316, "f1": 0.829855256850748, "f1_std": 0.004541330022828939, "auc": 0.9710579844863805, "auc_std": 0.0030433238090058637, "nmi": 0.6512260058722493, "nmi_std": 0.009483017100578469, "ari": 0.6738284826278687, "ari_std": 0.009435411542654037, "recall_1": 0.8416, "recall_1_std": 0.004277849927241491, "recall_2": 0.9448000192642212, "recall_2_std": 0.002280360786244273}