{"dataset": "CiteSeer", "split": "public", "model": "GCN2_HBPU", "device": 0, "seed": 0, "runs": 5, "epochs": 200, "lr": 0.01, "weight_decay": 0.0005, "early_stopping": 0, "hidden": 16, "dropout": 0.5, "normalize_features": true, "logger": "GCN2_HBPU-CiteSeer-public-Adam-u1.0", "optimizer": "Adam", "momentum": 0.9, "eps": 0.01, "update_freq": 50, "hyperparam": null, "alpha": 1.0, "regularization": "uniformity", "loss": 1.2799749374389648, "acc": 0.7228, "loss_std": 0.016800349578261375, "acc_std": 0.0064575537163851825, "duration": 22.926294326782227, "duration_std": 0.26159244775772095, "f1": 0.6861324784783516, "f1_std": 0.004209120408944607, "auc": 0.8959663344871117, "auc_std": 0.006267344928945754, "nmi": 0.45623842099358286, "nmi_std": 0.007340080641485795, "ari": 0.48008161783218384, "ari_std": 0.009975544176995754, "recall_1": 0.7228, "recall_1_std": 0.0064575537163851825, "recall_2": 0.8736000061035156, "recall_2_std": 0.0026076771318912506}