{"dataset": "CiteSeer", "split": "public", "model": "GCN2_HBPU", "device": 0, "seed": 0, "runs": 5, "epochs": 200, "lr": 0.01, "weight_decay": 0.0005, "early_stopping": 0, "hidden": 16, "dropout": 0.5, "normalize_features": true, "logger": "GCN2_HBPU-CiteSeer-public-Adam-u20.0", "optimizer": "Adam", "momentum": 0.9, "eps": 0.01, "update_freq": 50, "hyperparam": null, "alpha": 20.0, "regularization": "uniformity", "loss": 1.2827755212783813, "acc": 0.7236, "loss_std": 0.018816489726305008, "acc_std": 0.004505552130427528, "duration": 23.076988220214844, "duration_std": 0.4867589473724365, "f1": 0.6832696400511264, "f1_std": 0.0061156105303806696, "auc": 0.891647998578881, "auc_std": 0.0063164570521016756, "nmi": 0.4561811654241703, "nmi_std": 0.005242029941956791, "ari": 0.4813077449798584, "ari_std": 0.007481086067855358, "recall_1": 0.7236, "recall_1_std": 0.004505552130427528, "recall_2": 0.8706000447273254, "recall_2_std": 0.007602635305374861}