{"dataset": "Cora", "split": "public", "model": "GCN2_HBPU", "device": 0, "seed": 0, "runs": 5, "epochs": 200, "lr": 0.01, "weight_decay": 0.0005, "early_stopping": 0, "hidden": 16, "dropout": 0.5, "normalize_features": true, "logger": "GCN2_HBPU-Cora-public-Adam-u2.0", "optimizer": "Adam", "momentum": 0.9, "eps": 0.01, "update_freq": 50, "hyperparam": null, "alpha": 2.0, "regularization": "uniformity", "loss": 1.3199834823608398, "acc": 0.8427999999999999, "loss_std": 0.024022936820983887, "acc_std": 0.007293833011524194, "duration": 27.09735107421875, "duration_std": 0.3803832530975342, "f1": 0.8317592686537033, "f1_std": 0.005263102400951043, "auc": 0.97126731625728, "auc_std": 0.0014965831443202028, "nmi": 0.6541943136980866, "nmi_std": 0.010149182406324137, "ari": 0.6747286915779114, "ari_std": 0.018740365281701088, "recall_1": 0.8427999999999999, "recall_1_std": 0.007293833011524194, "recall_2": 0.9413999319076538, "recall_2_std": 0.006655817851424217}