{"dataset": "CiteSeer", "split": "public", "model": "GCN2_HBPU", "device": 0, "seed": 0, "runs": 5, "epochs": 200, "lr": 0.01, "weight_decay": 0.0005, "early_stopping": 0, "hidden": 16, "dropout": 0.5, "normalize_features": true, "logger": "GCN2_HBPU-CiteSeer-public-Adam-u0.0", "optimizer": "Adam", "momentum": 0.9, "eps": 0.01, "update_freq": 50, "hyperparam": null, "alpha": 0.0, "regularization": "uniformity", "loss": 1.2912458181381226, "acc": 0.7203999999999999, "loss_std": 0.035289425402879715, "acc_std": 0.004037325847637273, "duration": 23.020124435424805, "duration_std": 0.30142927169799805, "f1": 0.6811474658333737, "f1_std": 0.008296250415387235, "auc": 0.8908575693276293, "auc_std": 0.005214620510326554, "nmi": 0.4571673033344938, "nmi_std": 0.005049019452005692, "ari": 0.48005223274230957, "ari_std": 0.006699413061141968, "recall_1": 0.7203999999999999, "recall_1_std": 0.004037325847637273, "recall_2": 0.8593999743461609, "recall_2_std": 0.008324644528329372}