{"dataset": "CiteSeer", "split": "public", "model": "GCN2_HBPU", "device": 0, "seed": 0, "runs": 5, "epochs": 200, "lr": 0.01, "weight_decay": 0.0005, "early_stopping": 0, "hidden": 16, "dropout": 0.5, "normalize_features": true, "logger": "GCN2_HBPU-CiteSeer-public-Adam-u5.0", "optimizer": "Adam", "momentum": 0.9, "eps": 0.01, "update_freq": 50, "hyperparam": null, "alpha": 5.0, "regularization": "uniformity", "loss": 1.278366208076477, "acc": 0.7232, "loss_std": 0.0138815026730299, "acc_std": 0.0031144823004794903, "duration": 23.120656967163086, "duration_std": 0.3232404589653015, "f1": 0.6865677658574231, "f1_std": 0.007409462282658562, "auc": 0.8961439702459494, "auc_std": 0.005519024287534924, "nmi": 0.4543517322523133, "nmi_std": 0.005121192516772625, "ari": 0.4796799123287201, "ari_std": 0.0027436872478574514, "recall_1": 0.7232, "recall_1_std": 0.0031144823004794903, "recall_2": 0.8734000325202942, "recall_2_std": 0.00439318735152483}