{"dataset": "CiteSeer", "split": "public", "model": "GCN2_HBPU", "device": 0, "seed": 0, "runs": 5, "epochs": 200, "lr": 0.01, "weight_decay": 0.0005, "early_stopping": 0, "hidden": 16, "dropout": 0.5, "normalize_features": true, "logger": "GCN2_HBPU-CiteSeer-public-Adam-u10.0", "optimizer": "Adam", "momentum": 0.9, "eps": 0.01, "update_freq": 50, "hyperparam": null, "alpha": 10.0, "regularization": "uniformity", "loss": 1.2824442386627197, "acc": 0.7207999999999999, "loss_std": 0.016575733199715614, "acc_std": 0.005357238094391554, "duration": 22.966920852661133, "duration_std": 0.39902007579803467, "f1": 0.6827903958961692, "f1_std": 0.008147601337015174, "auc": 0.8933066187798288, "auc_std": 0.004915559348203417, "nmi": 0.4532582473277234, "nmi_std": 0.006700383913057901, "ari": 0.477447509765625, "ari_std": 0.008884940296411514, "recall_1": 0.7207999999999999, "recall_1_std": 0.005357238094391554, "recall_2": 0.8695999979972839, "recall_2_std": 0.007861302234232426}