{"dataset": "CiteSeer", "split": "public", "model": "GCN2_HBPU", "device": 0, "seed": 0, "runs": 5, "epochs": 200, "lr": 0.01, "weight_decay": 0.0005, "early_stopping": 0, "hidden": 16, "dropout": 0.5, "normalize_features": true, "logger": "GCN2_HBPU-CiteSeer-public-Adam-u2.0", "optimizer": "Adam", "momentum": 0.9, "eps": 0.01, "update_freq": 50, "hyperparam": null, "alpha": 2.0, "regularization": "uniformity", "loss": 1.2794678211212158, "acc": 0.7244, "loss_std": 0.014228151179850101, "acc_std": 0.005128352561983239, "duration": 23.14047622680664, "duration_std": 0.2527466118335724, "f1": 0.6848604638310407, "f1_std": 0.005712221282437692, "auc": 0.8907766449189612, "auc_std": 0.0065222049369623915, "nmi": 0.4558308571120965, "nmi_std": 0.0070788479954737, "ari": 0.48071250319480896, "ari_std": 0.0052536288276314735, "recall_1": 0.7244, "recall_1_std": 0.005128352561983239, "recall_2": 0.8668000102043152, "recall_2_std": 0.00898333266377449}