{"dataset": "Cora", "split": "public", "model": "GCN2_HBPU", "device": 0, "seed": 0, "runs": 5, "epochs": 200, "lr": 0.01, "weight_decay": 0.0005, "early_stopping": 0, "hidden": 16, "dropout": 0.5, "normalize_features": true, "logger": "GCN2_HBPU-Cora-public-Adam-u0.5", "optimizer": "Adam", "momentum": 0.9, "eps": 0.01, "update_freq": 50, "hyperparam": null, "alpha": 0.5, "regularization": "uniformity", "loss": 1.3161662817001343, "acc": 0.8382, "loss_std": 0.02941354550421238, "acc_std": 0.00672309452558865, "duration": 26.813732147216797, "duration_std": 0.24383017420768738, "f1": 0.8279086440229808, "f1_std": 0.008244917099287161, "auc": 0.9701629676308288, "auc_std": 0.0042874879271056505, "nmi": 0.6491102217889038, "nmi_std": 0.014666286579374906, "ari": 0.6649507284164429, "ari_std": 0.009509696625173092, "recall_1": 0.8382, "recall_1_std": 0.00672309452558865, "recall_2": 0.9398000836372375, "recall_2_std": 0.006379649508744478}