{"dataset": "Cora", "split": "public", "model": "GCN2_HBPU", "device": 0, "seed": 0, "runs": 5, "epochs": 200, "lr": 0.01, "weight_decay": 0.0005, "early_stopping": 0, "hidden": 16, "dropout": 0.5, "normalize_features": true, "logger": "GCN2_HBPU-Cora-public-Adam-u0.0", "optimizer": "Adam", "momentum": 0.9, "eps": 0.01, "update_freq": 50, "hyperparam": null, "alpha": 0.0, "regularization": "uniformity", "loss": 1.322913408279419, "acc": 0.8362, "loss_std": 0.04138549789786339, "acc_std": 0.005019960159204457, "duration": 27.527902603149414, "duration_std": 0.8501793146133423, "f1": 0.8241138846178654, "f1_std": 0.004382100756088878, "auc": 0.9689051436431015, "auc_std": 0.00229846861510672, "nmi": 0.6421513357079038, "nmi_std": 0.0077434972672771355, "ari": 0.664437472820282, "ari_std": 0.01236356608569622, "recall_1": 0.8362, "recall_1_std": 0.005019960159204457, "recall_2": 0.9425999522209167, "recall_2_std": 0.002302174223586917}