{"dataset": "PubMed", "split": "public", "model": "GCN2_HBPU", "device": 0, "seed": 0, "runs": 5, "epochs": 200, "lr": 0.01, "weight_decay": 0.0005, "early_stopping": 0, "hidden": 16, "dropout": 0.5, "normalize_features": true, "logger": "GCN2_HBPU-PubMed-public-Adam-u0.2", "optimizer": "Adam", "momentum": 0.9, "eps": 0.01, "update_freq": 50, "hyperparam": null, "alpha": 0.2, "regularization": "uniformity", "loss": 0.6776140332221985, "acc": 0.8024000000000001, "loss_std": 0.006673754658550024, "acc_std": 0.0023021728866442696, "duration": 30.05789566040039, "duration_std": 0.17712511122226715, "f1": 0.7943681692997429, "f1_std": 0.002056844546708562, "auc": 0.9226706841113621, "auc_std": 0.001502435977541523, "nmi": 0.41157560647989316, "nmi_std": 0.005720814503648126, "ari": 0.4837524890899658, "ari_std": 0.005868696141988039, "recall_1": 0.8024000000000001, "recall_1_std": 0.0023021728866442696, "recall_2": 0.9667999148368835, "recall_2_std": 0.0026832958683371544}