{"dataset": "CiteSeer", "split": "public", "model": "GCN2_HBPU", "device": 0, "seed": 0, "runs": 5, "epochs": 200, "lr": 0.01, "weight_decay": 0.0005, "early_stopping": 0, "hidden": 16, "dropout": 0.5, "normalize_features": true, "logger": "GCN2_HBPU-CiteSeer-public-Adam-u100.0", "optimizer": "Adam", "momentum": 0.9, "eps": 0.01, "update_freq": 50, "hyperparam": null, "alpha": 100.0, "regularization": "uniformity", "loss": 1.2821203470230103, "acc": 0.7303999999999999, "loss_std": 0.0171899925917387, "acc_std": 0.008502940667792534, "duration": 22.977807998657227, "duration_std": 0.26245173811912537, "f1": 0.6918995429144352, "f1_std": 0.007980040718675564, "auc": 0.8914485930490634, "auc_std": 0.007593406601562206, "nmi": 0.4638109106576125, "nmi_std": 0.008686921760943097, "ari": 0.49042949080467224, "ari_std": 0.012880602851510048, "recall_1": 0.7303999999999999, "recall_1_std": 0.008502940667792534, "recall_2": 0.8682000041007996, "recall_2_std": 0.009934787638485432}