{"dataset": "PubMed", "split": "public", "model": "GCN2_HBPU", "device": 0, "seed": 0, "runs": 5, "epochs": 200, "lr": 0.01, "weight_decay": 0.0005, "early_stopping": 0, "hidden": 16, "dropout": 0.5, "normalize_features": true, "logger": "GCN2_HBPU-PubMed-public-Adam-u0.1", "optimizer": "Adam", "momentum": 0.9, "eps": 0.01, "update_freq": 50, "hyperparam": null, "alpha": 0.1, "regularization": "uniformity", "loss": 0.6769202947616577, "acc": 0.7998000000000001, "loss_std": 0.006889269687235355, "acc_std": 0.005403702434442523, "duration": 30.05951499938965, "duration_std": 0.2457561194896698, "f1": 0.7924612180725522, "f1_std": 0.005005237214466159, "auc": 0.9222449546178358, "auc_std": 0.000377708923861347, "nmi": 0.4074312157504484, "nmi_std": 0.010919777266846124, "ari": 0.4774131178855896, "ari_std": 0.012183348648250103, "recall_1": 0.7998000000000001, "recall_1_std": 0.005403702434442523, "recall_2": 0.965999960899353, "recall_2_std": 0.0007071187719702721}