{"dataset": "Cora", "split": "public", "model": "GCN2_HBPU", "device": 0, "seed": 0, "runs": 5, "epochs": 200, "lr": 0.01, "weight_decay": 0.0005, "early_stopping": 0, "hidden": 16, "dropout": 0.5, "normalize_features": true, "logger": "GCN2_HBPU-Cora-public-Adam-u100.0", "optimizer": "Adam", "momentum": 0.9, "eps": 0.01, "update_freq": 50, "hyperparam": null, "alpha": 100.0, "regularization": "uniformity", "loss": 1.321789264678955, "acc": 0.8398, "loss_std": 0.027847565710544586, "acc_std": 0.005167204273105529, "duration": 26.788265228271484, "duration_std": 0.4719046354293823, "f1": 0.8279774509598721, "f1_std": 0.0036699292534661653, "auc": 0.9719558275466987, "auc_std": 0.0013575699402618565, "nmi": 0.6510036539109173, "nmi_std": 0.006818782721514729, "ari": 0.6718550324440002, "ari_std": 0.013336600735783577, "recall_1": 0.8398, "recall_1_std": 0.005167204273105529, "recall_2": 0.9422000646591187, "recall_2_std": 0.0029495907947421074}