{"dataset": "CiteSeer", "split": "public", "model": "GCN2_HBPU", "device": 0, "seed": 0, "runs": 5, "epochs": 200, "lr": 0.01, "weight_decay": 0.0005, "early_stopping": 0, "hidden": 16, "dropout": 0.5, "normalize_features": true, "logger": "GCN2_HBPU-CiteSeer-public-Adam-u50.0", "optimizer": "Adam", "momentum": 0.9, "eps": 0.01, "update_freq": 50, "hyperparam": null, "alpha": 50.0, "regularization": "uniformity", "loss": 1.2812221050262451, "acc": 0.7272000000000001, "loss_std": 0.01734696514904499, "acc_std": 0.00920326029187484, "duration": 22.879613876342773, "duration_std": 0.31074076890945435, "f1": 0.6867818816703954, "f1_std": 0.014611305038776964, "auc": 0.8922517645490267, "auc_std": 0.007604227793323341, "nmi": 0.45974849105561627, "nmi_std": 0.009646462349902489, "ari": 0.48670902848243713, "ari_std": 0.01192903146147728, "recall_1": 0.7272000000000001, "recall_1_std": 0.00920326029187484, "recall_2": 0.8720000386238098, "recall_2_std": 0.009617682546377182}