{"dataset": "PubMed", "split": "public", "model": "GCN2_HBPU", "device": 0, "seed": 0, "runs": 5, "epochs": 200, "lr": 0.01, "weight_decay": 0.0005, "early_stopping": 0, "hidden": 16, "dropout": 0.5, "normalize_features": true, "logger": "GCN2_HBPU-PubMed-public-Adam-u1.0", "optimizer": "Adam", "momentum": 0.9, "eps": 0.01, "update_freq": 50, "hyperparam": null, "alpha": 1.0, "regularization": "uniformity", "loss": 0.6782165765762329, "acc": 0.7972, "loss_std": 0.009103037416934967, "acc_std": 0.003962322551231794, "duration": 30.289905548095703, "duration_std": 0.2639762759208679, "f1": 0.7899932263887361, "f1_std": 0.0033716024696311894, "auc": 0.922827384946029, "auc_std": 0.0015460929963393851, "nmi": 0.40359036139014454, "nmi_std": 0.007884741984034875, "ari": 0.4717889428138733, "ari_std": 0.009107235819101334, "recall_1": 0.7972, "recall_1_std": 0.003962322551231794, "recall_2": 0.9685999751091003, "recall_2_std": 0.0028809835202991962}