{"dataset": "CiteSeer", "split": "public", "model": "GCN2_HBPU", "device": 0, "seed": 0, "runs": 5, "epochs": 200, "lr": 0.01, "weight_decay": 0.0005, "early_stopping": 0, "hidden": 16, "dropout": 0.5, "normalize_features": true, "logger": "GCN2_HBPU-CiteSeer-public-Adam-u0.5", "optimizer": "Adam", "momentum": 0.9, "eps": 0.01, "update_freq": 50, "hyperparam": null, "alpha": 0.5, "regularization": "uniformity", "loss": 1.2792788743972778, "acc": 0.7276, "loss_std": 0.014658777043223381, "acc_std": 0.006024948132556833, "duration": 22.929780960083008, "duration_std": 0.3431675434112549, "f1": 0.6903066539708875, "f1_std": 0.0034495438332624462, "auc": 0.8897305220353926, "auc_std": 0.004836145726048349, "nmi": 0.46182343454238317, "nmi_std": 0.0045227014691108175, "ari": 0.48929563164711, "ari_std": 0.007649838458746672, "recall_1": 0.7276, "recall_1_std": 0.006024948132556833, "recall_2": 0.8737999796867371, "recall_2_std": 0.005449765361845493}