{"dataset": "PubMed", "split": "public", "model": "GCN2_HBPU", "device": 0, "seed": 0, "runs": 5, "epochs": 200, "lr": 0.01, "weight_decay": 0.0005, "early_stopping": 0, "hidden": 16, "dropout": 0.5, "normalize_features": true, "logger": "GCN2_HBPU-PubMed-public-Adam-u0.5", "optimizer": "Adam", "momentum": 0.9, "eps": 0.01, "update_freq": 50, "hyperparam": null, "alpha": 0.5, "regularization": "uniformity", "loss": 0.6776620745658875, "acc": 0.8034000000000001, "loss_std": 0.009036479517817497, "acc_std": 0.0033615472627943252, "duration": 30.156625747680664, "duration_std": 0.3067624866962433, "f1": 0.7961375256186911, "f1_std": 0.0027574155798135514, "auc": 0.9225850823308452, "auc_std": 0.0016450698957308145, "nmi": 0.41361840441389397, "nmi_std": 0.006708489259465889, "ari": 0.4850025177001953, "ari_std": 0.006980357225984335, "recall_1": 0.8034000000000001, "recall_1_std": 0.0033615472627943252, "recall_2": 0.968000054359436, "recall_2_std": 0.0014141954015940428}