{"dataset": "Cora", "split": "public", "model": "GCN2_HBPU", "device": 0, "seed": 0, "runs": 5, "epochs": 200, "lr": 0.01, "weight_decay": 0.0005, "early_stopping": 0, "hidden": 16, "dropout": 0.5, "normalize_features": true, "logger": "GCN2_HBPU-Cora-public-Adam-u10.0", "optimizer": "Adam", "momentum": 0.9, "eps": 0.01, "update_freq": 50, "hyperparam": null, "alpha": 10.0, "regularization": "uniformity", "loss": 1.3140970468521118, "acc": 0.8375999999999999, "loss_std": 0.02755485475063324, "acc_std": 0.005029910535983721, "duration": 26.967330932617188, "duration_std": 0.2861079275608063, "f1": 0.8261658481530848, "f1_std": 0.005469219089878631, "auc": 0.9697165580823037, "auc_std": 0.0034181568881549, "nmi": 0.6421963680830868, "nmi_std": 0.007398841512738938, "ari": 0.6659236550331116, "ari_std": 0.011486041359603405, "recall_1": 0.8375999999999999, "recall_1_std": 0.005029910535983721, "recall_2": 0.9402000308036804, "recall_2_std": 0.0020493636839091778}