{"dataset": "Cora", "split": "public", "model": "GCN2_HBPU", "device": 0, "seed": 0, "runs": 5, "epochs": 200, "lr": 0.01, "weight_decay": 0.0005, "early_stopping": 0, "hidden": 16, "dropout": 0.5, "normalize_features": true, "logger": "GCN2_HBPU-Cora-public-Adam-u20.0", "optimizer": "Adam", "momentum": 0.9, "eps": 0.01, "update_freq": 50, "hyperparam": null, "alpha": 20.0, "regularization": "uniformity", "loss": 1.3182679414749146, "acc": 0.8406, "loss_std": 0.029728878289461136, "acc_std": 0.004827007354458872, "duration": 27.4387149810791, "duration_std": 0.36429354548454285, "f1": 0.8281767435296384, "f1_std": 0.0061505777515998014, "auc": 0.9709243338635135, "auc_std": 0.0032266373024242533, "nmi": 0.6486373434032779, "nmi_std": 0.009632593693696161, "ari": 0.6745325326919556, "ari_std": 0.009970571845769882, "recall_1": 0.8406, "recall_1_std": 0.004827007354458872, "recall_2": 0.9417999982833862, "recall_2_std": 0.0023874652106314898}