{"dataset": "PubMed", "split": "public", "model": "GCN2_HBPU", "device": 0, "seed": 0, "runs": 5, "epochs": 200, "lr": 0.01, "weight_decay": 0.0005, "early_stopping": 0, "hidden": 16, "dropout": 0.5, "normalize_features": true, "logger": "GCN2_HBPU-PubMed-public-Adam-u20.0", "optimizer": "Adam", "momentum": 0.9, "eps": 0.01, "update_freq": 50, "hyperparam": null, "alpha": 20.0, "regularization": "uniformity", "loss": 0.6767033338546753, "acc": 0.799, "loss_std": 0.008370119147002697, "acc_std": 0.0029154759474226528, "duration": 30.18035888671875, "duration_std": 0.22228053212165833, "f1": 0.7922966531427618, "f1_std": 0.0034045920641226843, "auc": 0.9223105110393245, "auc_std": 0.0011741335887016612, "nmi": 0.4045020647929459, "nmi_std": 0.0067474419175806944, "ari": 0.47424501180648804, "ari_std": 0.005876399111002684, "recall_1": 0.799, "recall_1_std": 0.0029154759474226528, "recall_2": 0.968999981880188, "recall_2_std": 0.0007071187719702721}