{"dataset": "PubMed", "split": "public", "model": "GCN2_HBPU", "device": 0, "seed": 0, "runs": 5, "epochs": 200, "lr": 0.01, "weight_decay": 0.0005, "early_stopping": 0, "hidden": 16, "dropout": 0.5, "normalize_features": true, "logger": "GCN2_HBPU-PubMed-public-Adam-u0.0", "optimizer": "Adam", "momentum": 0.9, "eps": 0.01, "update_freq": 50, "hyperparam": null, "alpha": 0.0, "regularization": "uniformity", "loss": 0.6760164499282837, "acc": 0.8010000000000002, "loss_std": 0.006666806526482105, "acc_std": 0.00122474487139159, "duration": 30.182764053344727, "duration_std": 0.1357288807630539, "f1": 0.7937174700815305, "f1_std": 0.0014210966209411567, "auc": 0.9228634776092403, "auc_std": 0.002225167998330237, "nmi": 0.40987543924758985, "nmi_std": 0.004396679651166181, "ari": 0.4800224304199219, "ari_std": 0.003334175795316696, "recall_1": 0.8010000000000002, "recall_1_std": 0.00122474487139159, "recall_2": 0.9656000137329102, "recall_2_std": 0.0015165830263867974}