{"dataset": "PubMed", "split": "public", "model": "GCN2_HBPU", "device": 0, "seed": 0, "runs": 5, "epochs": 200, "lr": 0.01, "weight_decay": 0.0005, "early_stopping": 0, "hidden": 16, "dropout": 0.5, "normalize_features": true, "logger": "GCN2_HBPU-PubMed-public-Adam-u10.0", "optimizer": "Adam", "momentum": 0.9, "eps": 0.01, "update_freq": 50, "hyperparam": null, "alpha": 10.0, "regularization": "uniformity", "loss": 0.6785128116607666, "acc": 0.7992000000000001, "loss_std": 0.006835263688117266, "acc_std": 0.0029495762407505278, "duration": 30.220285415649414, "duration_std": 0.2538575232028961, "f1": 0.7916042978736444, "f1_std": 0.0029479428146264738, "auc": 0.9213653076364942, "auc_std": 0.0022801950580735434, "nmi": 0.4057495198977238, "nmi_std": 0.005639911247402728, "ari": 0.47613525390625, "ari_std": 0.005964280571788549, "recall_1": 0.7992000000000001, "recall_1_std": 0.0029495762407505278, "recall_2": 0.967799961566925, "recall_2_std": 0.0008366492693312466}