{"dataset": "Cora", "split": "public", "model": "GCN2_HBPU", "device": 0, "seed": 0, "runs": 5, "epochs": 200, "lr": 0.01, "weight_decay": 0.0005, "early_stopping": 0, "hidden": 16, "dropout": 0.5, "normalize_features": true, "logger": "GCN2_HBPU-Cora-public-Adam-u50.0", "optimizer": "Adam", "momentum": 0.9, "eps": 0.01, "update_freq": 50, "hyperparam": null, "alpha": 50.0, "regularization": "uniformity", "loss": 1.3185280561447144, "acc": 0.841, "loss_std": 0.029058370739221573, "acc_std": 0.005244044240850762, "duration": 27.216556549072266, "duration_std": 0.2519281804561615, "f1": 0.8305682906894354, "f1_std": 0.007422834116518172, "auc": 0.9717618235098318, "auc_std": 0.0018915567310309155, "nmi": 0.6511741769494511, "nmi_std": 0.00919611943455352, "ari": 0.6709133982658386, "ari_std": 0.009505925700068474, "recall_1": 0.841, "recall_1_std": 0.005244044240850762, "recall_2": 0.9427999258041382, "recall_2_std": 0.0017888613510876894}