{"dataset": "PubMed", "split": "public", "model": "GCN2_HBPU", "device": 0, "seed": 0, "runs": 5, "epochs": 200, "lr": 0.01, "weight_decay": 0.0005, "early_stopping": 0, "hidden": 16, "dropout": 0.5, "normalize_features": true, "logger": "GCN2_HBPU-PubMed-public-Adam-u100.0", "optimizer": "Adam", "momentum": 0.9, "eps": 0.01, "update_freq": 50, "hyperparam": null, "alpha": 100.0, "regularization": "uniformity", "loss": 0.6780108213424683, "acc": 0.8002, "loss_std": 0.008120167069137096, "acc_std": 0.004604345773288539, "duration": 30.234378814697266, "duration_std": 0.18875062465667725, "f1": 0.7922978079217529, "f1_std": 0.004798995346156859, "auc": 0.9219028780045729, "auc_std": 0.0010443613919927232, "nmi": 0.4070684520833773, "nmi_std": 0.008531978199532345, "ari": 0.47878652811050415, "ari_std": 0.00922166183590889, "recall_1": 0.8002, "recall_1_std": 0.004604345773288539, "recall_2": 0.9663999676704407, "recall_2_std": 0.0013416545698419213}