{"dataset": "PubMed", "split": "complete", "model": "GAT", "device": 0, "seed": 0, "runs": 5, "epochs": 200, "lr": 0.01, "weight_decay": 0.0005, "early_stopping": 0, "hidden": 16, "dropout": 0.5, "normalize_features": true, "logger": "GAT-PubMed-complete-Adam", "optimizer": "Adam", "momentum": 0.9, "eps": 0.01, "update_freq": 50, "hyperparam": null, "alpha": 0, "regularization": null, "loss": 0.423370361328125, "acc": 0.826, "loss_std": 0.0037990566343069077, "acc_std": 0.003741657386773945, "duration": 18.922449111938477, "duration_std": 0.07588951289653778, "f1": 0.8152851621673101, "f1_std": 0.003639156142860221, "auc": 0.957186651128116, "auc_std": 0.0002938482427758006, "nmi": 0.46383092805678067, "nmi_std": 0.009440623101821798, "ari": 0.5404843091964722, "ari_std": 0.00920864101499319, "recall_1": 0.826, "recall_1_std": 0.003741657386773945, "recall_2": 0.9795999526977539, "recall_2_std": 0.0016733270604163408}