{"dataset": "Cora", "split": "complete", "model": "GAT", "device": 0, "seed": 0, "runs": 5, "epochs": 200, "lr": 0.01, "weight_decay": 0.0005, "early_stopping": 0, "hidden": 16, "dropout": 0.5, "normalize_features": true, "logger": "GAT-Cora-complete-Adam", "optimizer": "Adam", "momentum": 0.9, "eps": 0.01, "update_freq": 50, "hyperparam": null, "alpha": 0, "regularization": null, "loss": 0.6525563597679138, "acc": 0.8315999999999999, "loss_std": 0.013890565373003483, "acc_std": 0.010430723848324247, "duration": 14.084869384765625, "duration_std": 0.4077531695365906, "f1": 0.7856852739420294, "f1_std": 0.010542159086148136, "auc": 0.9684072669005841, "auc_std": 0.0010182886640975166, "nmi": 0.6412778498777827, "nmi_std": 0.015011786170832313, "ari": 0.6469465494155884, "ari_std": 0.02999717928469181, "recall_1": 0.8315999999999999, "recall_1_std": 0.010430723848324247, "recall_2": 0.9267999529838562, "recall_2_std": 0.00501996697857976}