{"dataset": "PubMed", "split": "full", "model": "GAT", "device": 0, "seed": 0, "runs": 5, "epochs": 200, "lr": 0.01, "weight_decay": 0.0005, "early_stopping": 0, "hidden": 16, "dropout": 0.5, "normalize_features": true, "logger": "GAT-PubMed-full-Adam", "optimizer": "Adam", "momentum": 0.9, "eps": 0.01, "update_freq": 50, "hyperparam": null, "alpha": 0, "regularization": null, "loss": 0.40056365728378296, "acc": 0.844, "loss_std": 0.005410559941083193, "acc_std": 0.0028284271247461922, "duration": 19.316783905029297, "duration_std": 0.25065645575523376, "f1": 0.8320409803062049, "f1_std": 0.002677566049443604, "auc": 0.9574559547440904, "auc_std": 0.0002650517033342994, "nmi": 0.4954725725016707, "nmi_std": 0.005955263414552575, "ari": 0.584424614906311, "ari_std": 0.007242276798933744, "recall_1": 0.844, "recall_1_std": 0.0028284271247461922, "recall_2": 0.9746000170707703, "recall_2_std": 0.0008944456931203604}