{"dataset": "PubMed", "split": "public", "model": "GAT", "device": 0, "seed": 0, "runs": 5, "epochs": 200, "lr": 0.01, "weight_decay": 0.0005, "early_stopping": 0, "hidden": 16, "dropout": 0.5, "normalize_features": true, "logger": "GAT-PubMed-public-Adam", "optimizer": "Adam", "momentum": 0.9, "eps": 0.01, "update_freq": 50, "hyperparam": null, "alpha": 0, "regularization": null, "loss": 0.5838624835014343, "acc": 0.7588, "loss_std": 0.04021317884325981, "acc_std": 0.025331798199101484, "duration": 6.932337760925293, "duration_std": 0.19235427677631378, "f1": 0.7497416313022893, "f1_std": 0.023722661443495833, "auc": 0.9024147656351046, "auc_std": 0.01582779963893124, "nmi": 0.3345342763877265, "nmi_std": 0.03704907918279496, "ari": 0.39409273862838745, "ari_std": 0.04839872568845749, "recall_1": 0.7588, "recall_1_std": 0.025331798199101484, "recall_2": 0.9581999778747559, "recall_2_std": 0.005805159918963909}