{"dataset": "Cora", "split": "public", "model": "GAT", "device": 0, "seed": 0, "runs": 5, "epochs": 200, "lr": 0.01, "weight_decay": 0.0005, "early_stopping": 0, "hidden": 16, "dropout": 0.5, "normalize_features": true, "logger": "GAT-Cora-public-Adam", "optimizer": "Adam", "momentum": 0.9, "eps": 0.01, "update_freq": 50, "hyperparam": null, "alpha": 0, "regularization": null, "loss": 0.9093856811523438, "acc": 0.7452, "loss_std": 0.11361918598413467, "acc_std": 0.03823218539398451, "duration": 13.475641250610352, "duration_std": 0.16699343919754028, "f1": 0.7383393330101509, "f1_std": 0.03468821097698684, "auc": 0.9391855435842489, "auc_std": 0.017789463564846328, "nmi": 0.5044423444464655, "nmi_std": 0.04764941369433429, "ari": 0.49798840284347534, "ari_std": 0.06742401421070099, "recall_1": 0.7452, "recall_1_std": 0.03823218539398451, "recall_2": 0.8762000203132629, "recall_2_std": 0.03073596954345703}