{"dataset": "Cora", "split": "full", "model": "GAT", "device": 0, "seed": 0, "runs": 5, "epochs": 200, "lr": 0.01, "weight_decay": 0.0005, "early_stopping": 0, "hidden": 16, "dropout": 0.5, "normalize_features": true, "logger": "GAT-Cora-full-Adam", "optimizer": "Adam", "momentum": 0.9, "eps": 0.01, "update_freq": 50, "hyperparam": null, "alpha": 0, "regularization": null, "loss": 0.5863309502601624, "acc": 0.8305999999999999, "loss_std": 0.0176176019012928, "acc_std": 0.006024948132556833, "duration": 14.193460464477539, "duration_std": 0.49849289655685425, "f1": 0.8102031810939303, "f1_std": 0.007812808805261747, "auc": 0.9702823143059328, "auc_std": 0.00033126332498553283, "nmi": 0.6271699097140699, "nmi_std": 0.010008209916410887, "ari": 0.6599615216255188, "ari_std": 0.011552910320460796, "recall_1": 0.8305999999999999, "recall_1_std": 0.006024948132556833, "recall_2": 0.9211999773979187, "recall_2_std": 0.002588442759588361}