{"dataset": "CiteSeer", "split": "full", "model": "GAT", "device": 0, "seed": 0, "runs": 5, "epochs": 200, "lr": 0.01, "weight_decay": 0.0005, "early_stopping": 0, "hidden": 16, "dropout": 0.5, "normalize_features": true, "logger": "GAT-CiteSeer-full-Adam", "optimizer": "Adam", "momentum": 0.9, "eps": 0.01, "update_freq": 50, "hyperparam": null, "alpha": 0, "regularization": null, "loss": 0.9313924908638, "acc": 0.7656000000000001, "loss_std": 0.0401507169008255, "acc_std": 0.0034351128074635363, "duration": 12.62767505645752, "duration_std": 0.15032200515270233, "f1": 0.6630283144468792, "f1_std": 0.003447906739538968, "auc": 0.9286974722697527, "auc_std": 0.0016255581496678914, "nmi": 0.5291891825161865, "nmi_std": 0.007030259297231154, "ari": 0.5580101013183594, "ari_std": 0.006016835104674101, "recall_1": 0.7656000000000001, "recall_1_std": 0.0034351128074635363, "recall_2": 0.8888000249862671, "recall_2_std": 0.005585682578384876}