{"dataset": "CiteSeer", "split": "public", "model": "GAT", "device": 0, "seed": 0, "runs": 5, "epochs": 200, "lr": 0.01, "weight_decay": 0.0005, "early_stopping": 0, "hidden": 16, "dropout": 0.5, "normalize_features": true, "logger": "GAT-CiteSeer-public-Adam", "optimizer": "Adam", "momentum": 0.9, "eps": 0.01, "update_freq": 50, "hyperparam": null, "alpha": 0, "regularization": null, "loss": 1.13848078250885, "acc": 0.6427999999999999, "loss_std": 0.081478551030159, "acc_std": 0.04855100410908101, "duration": 10.761441230773926, "duration_std": 0.4124545753002167, "f1": 0.6042469534742837, "f1_std": 0.04648252022060909, "auc": 0.8763131676273928, "auc_std": 0.0200145490512253, "nmi": 0.3592358497750477, "nmi_std": 0.05547775355282383, "ari": 0.34407687187194824, "ari_std": 0.09358866512775421, "recall_1": 0.6427999999999999, "recall_1_std": 0.04855100410908101, "recall_2": 0.8109999895095825, "recall_2_std": 0.028879066929221153}