{"dataset": "CiteSeer", "split": "complete", "model": "GAT", "device": 0, "seed": 0, "runs": 5, "epochs": 200, "lr": 0.01, "weight_decay": 0.0005, "early_stopping": 0, "hidden": 16, "dropout": 0.5, "normalize_features": true, "logger": "GAT-CiteSeer-complete-Adam", "optimizer": "Adam", "momentum": 0.9, "eps": 0.01, "update_freq": 50, "hyperparam": null, "alpha": 0, "regularization": null, "loss": 0.9563928842544556, "acc": 0.768, "loss_std": 0.034334272146224976, "acc_std": 0.006324555320336765, "duration": 12.606619834899902, "duration_std": 0.30842649936676025, "f1": 0.6715141114673142, "f1_std": 0.006123639936550293, "auc": 0.9351683026979911, "auc_std": 0.0018124364791060913, "nmi": 0.5732827917373852, "nmi_std": 0.01060558818196395, "ari": 0.5820177793502808, "ari_std": 0.010663983412086964, "recall_1": 0.768, "recall_1_std": 0.006324555320336765, "recall_2": 0.8867999911308289, "recall_2_std": 0.0017888613510876894}