{"dataset": "PubMed", "split": "complete", "model": "GCN", "device": 0, "seed": 0, "runs": 5, "epochs": 200, "lr": 0.01, "weight_decay": 0.0005, "early_stopping": 0, "hidden": 16, "dropout": 0.5, "normalize_features": true, "logger": "GCN-PubMed-complete-Adam", "optimizer": "Adam", "momentum": 0.9, "eps": 0.01, "update_freq": 50, "hyperparam": null, "alpha": 0, "regularization": null, "loss": 0.3642207086086273, "acc": 0.8775999999999999, "loss_std": 0.019203204661607742, "acc_std": 0.006542170893518456, "duration": 16.93438148498535, "duration_std": 0.41031965613365173, "f1": 0.8694942891035712, "f1_std": 0.007322022844382268, "auc": 0.9685989882803909, "auc_std": 0.0019305158570082446, "nmi": 0.5772395725073729, "nmi_std": 0.014937461158596179, "ari": 0.6614258885383606, "ari_std": 0.0161115899682045, "recall_1": 0.8775999999999999, "recall_1_std": 0.006542170893518456, "recall_2": 0.9868000149726868, "recall_2_std": 0.0026832737494260073}