{"dataset": "Cora", "split": "public", "model": "GCN", "device": 0, "seed": 0, "runs": 5, "epochs": 200, "lr": 0.01, "weight_decay": 0.0005, "early_stopping": 0, "hidden": 16, "dropout": 0.5, "normalize_features": true, "logger": "GCN-Cora-public-Adam", "optimizer": "Adam", "momentum": 0.9, "eps": 0.01, "update_freq": 50, "hyperparam": null, "alpha": 0, "regularization": null, "loss": 0.72127366065979, "acc": 0.8146000000000001, "loss_std": 0.06221194565296173, "acc_std": 0.0063482280992415005, "duration": 12.87848949432373, "duration_std": 0.1622491031885147, "f1": 0.8026802089305143, "f1_std": 0.0071881144415522685, "auc": 0.9667199347664075, "auc_std": 0.0008630387816269136, "nmi": 0.6031810539003796, "nmi_std": 0.012105720818007171, "ari": 0.6265665292739868, "ari_std": 0.010928054340183735, "recall_1": 0.8146000000000001, "recall_1_std": 0.0063482280992415005, "recall_2": 0.9208000302314758, "recall_2_std": 0.0037013436667621136}