{"dataset": "PubMed", "split": "public", "model": "GCN", "device": 0, "seed": 0, "runs": 5, "epochs": 200, "lr": 0.01, "weight_decay": 0.0005, "early_stopping": 0, "hidden": 16, "dropout": 0.5, "normalize_features": true, "logger": "GCN-PubMed-public-Adam", "optimizer": "Adam", "momentum": 0.9, "eps": 0.01, "update_freq": 50, "hyperparam": null, "alpha": 0, "regularization": null, "loss": 0.5502821207046509, "acc": 0.793, "loss_std": 0.007617766968905926, "acc_std": 0.0033911649915626375, "duration": 5.863337516784668, "duration_std": 0.2274353802204132, "f1": 0.78754261711055, "f1_std": 0.004024092726309434, "auc": 0.9166152868695242, "auc_std": 0.002060799093808733, "nmi": 0.39345263627592963, "nmi_std": 0.005946909691991231, "ari": 0.4593556523323059, "ari_std": 0.007065026089549065, "recall_1": 0.793, "recall_1_std": 0.0033911649915626375, "recall_2": 0.9681999087333679, "recall_2_std": 0.004266132600605488}