{"dataset": "PubMed", "split": "full", "model": "GCN", "device": 0, "seed": 0, "runs": 5, "epochs": 200, "lr": 0.01, "weight_decay": 0.0005, "early_stopping": 0, "hidden": 16, "dropout": 0.5, "normalize_features": true, "logger": "GCN-PubMed-full-Adam", "optimizer": "Adam", "momentum": 0.9, "eps": 0.01, "update_freq": 50, "hyperparam": null, "alpha": 0, "regularization": null, "loss": 0.36294329166412354, "acc": 0.8794000000000001, "loss_std": 0.027021421119570732, "acc_std": 0.004979959839195498, "duration": 17.676626205444336, "duration_std": 0.3684765696525574, "f1": 0.868749745909221, "f1_std": 0.005606354079556671, "auc": 0.9640019691714607, "auc_std": 0.0017915587148503078, "nmi": 0.5757042653022605, "nmi_std": 0.010755563408797625, "ari": 0.670211911201477, "ari_std": 0.01207863911986351, "recall_1": 0.8794000000000001, "recall_1_std": 0.004979959839195498, "recall_2": 0.9833999872207642, "recall_2_std": 0.002190887928009033}