{"dataset": "CiteSeer", "split": "full", "model": "GCN", "device": 0, "seed": 0, "runs": 5, "epochs": 200, "lr": 0.01, "weight_decay": 0.0005, "early_stopping": 0, "hidden": 16, "dropout": 0.5, "normalize_features": true, "logger": "GCN-CiteSeer-full-Adam", "optimizer": "Adam", "momentum": 0.9, "eps": 0.01, "update_freq": 50, "hyperparam": null, "alpha": 0, "regularization": null, "loss": 0.7550495862960815, "acc": 0.7882000000000001, "loss_std": 0.06339260935783386, "acc_std": 0.010401922899156684, "duration": 12.191953659057617, "duration_std": 0.18437911570072174, "f1": 0.7330181613406076, "f1_std": 0.030751256104531263, "auc": 0.9334250656751767, "auc_std": 0.0005745131955546673, "nmi": 0.5533940225706945, "nmi_std": 0.009666829403184196, "ari": 0.5841620564460754, "ari_std": 0.01204106118530035, "recall_1": 0.7882000000000001, "recall_1_std": 0.010401922899156684, "recall_2": 0.9127999544143677, "recall_2_std": 0.0023874740581959486}