{"dataset": "CiteSeer", "split": "complete", "model": "GCN", "device": 0, "seed": 0, "runs": 5, "epochs": 200, "lr": 0.01, "weight_decay": 0.0005, "early_stopping": 0, "hidden": 16, "dropout": 0.5, "normalize_features": true, "logger": "GCN-CiteSeer-complete-Adam", "optimizer": "Adam", "momentum": 0.9, "eps": 0.01, "update_freq": 50, "hyperparam": null, "alpha": 0, "regularization": null, "loss": 0.7782487869262695, "acc": 0.7836000000000001, "loss_std": 0.055554646998643875, "acc_std": 0.0029664793948382677, "duration": 12.060819625854492, "duration_std": 0.35004183650016785, "f1": 0.7058274740016917, "f1_std": 0.013571883453036677, "auc": 0.9419422605167955, "auc_std": 0.0010833894982170446, "nmi": 0.5860228508644824, "nmi_std": 0.005849309620388007, "ari": 0.6016866564750671, "ari_std": 0.004593294579535723, "recall_1": 0.7836000000000001, "recall_1_std": 0.0029664793948382677, "recall_2": 0.9083999395370483, "recall_2_std": 0.009736519306898117}