{"dataset": "Cora", "split": "complete", "model": "GCN", "device": 0, "seed": 0, "runs": 5, "epochs": 200, "lr": 0.01, "weight_decay": 0.0005, "early_stopping": 0, "hidden": 16, "dropout": 0.5, "normalize_features": true, "logger": "GCN-Cora-complete-Adam", "optimizer": "Adam", "momentum": 0.9, "eps": 0.01, "update_freq": 50, "hyperparam": null, "alpha": 0, "regularization": null, "loss": 0.5543939471244812, "acc": 0.8876, "loss_std": 0.09382905066013336, "acc_std": 0.01013903348450927, "duration": 14.395004272460938, "duration_std": 0.2849968373775482, "f1": 0.8647828953001374, "f1_std": 0.011672286565705684, "auc": 0.9786791205576224, "auc_std": 0.0037120418585082655, "nmi": 0.732367231677449, "nmi_std": 0.013228002621334905, "ari": 0.7625404000282288, "ari_std": 0.022250084206461906, "recall_1": 0.8876, "recall_1_std": 0.01013903348450927, "recall_2": 0.9580000042915344, "recall_2_std": 0.007874008268117905}