{"dataset": "CiteSeer", "split": "public", "model": "GCN", "device": 0, "seed": 0, "runs": 5, "epochs": 200, "lr": 0.01, "weight_decay": 0.0005, "early_stopping": 0, "hidden": 16, "dropout": 0.5, "normalize_features": true, "logger": "GCN-CiteSeer-public-Adam", "optimizer": "Adam", "momentum": 0.9, "eps": 0.01, "update_freq": 50, "hyperparam": null, "alpha": 0, "regularization": null, "loss": 0.9685772061347961, "acc": 0.7127999999999999, "loss_std": 0.06427386403083801, "acc_std": 0.0064575537163851825, "duration": 10.502321243286133, "duration_std": 0.2983422875404358, "f1": 0.682840104524234, "f1_std": 0.006221263279818842, "auc": 0.8999137623158824, "auc_std": 0.0008832065330903894, "nmi": 0.4451336124090074, "nmi_std": 0.006731435676166207, "ari": 0.46441927552223206, "ari_std": 0.009945864789187908, "recall_1": 0.7127999999999999, "recall_1_std": 0.0064575537163851825, "recall_2": 0.8720000386238098, "recall_2_std": 0.005196162965148687}