{"dataset": "Cora", "split": "full", "model": "GCN", "device": 0, "seed": 0, "runs": 5, "epochs": 200, "lr": 0.01, "weight_decay": 0.0005, "early_stopping": 0, "hidden": 16, "dropout": 0.5, "normalize_features": true, "logger": "GCN-Cora-full-Adam", "optimizer": "Adam", "momentum": 0.9, "eps": 0.01, "update_freq": 50, "hyperparam": null, "alpha": 0, "regularization": null, "loss": 0.5203075408935547, "acc": 0.8713999999999998, "loss_std": 0.07963892817497253, "acc_std": 0.005366563145999499, "duration": 14.071195602416992, "duration_std": 0.45178836584091187, "f1": 0.8572864427037423, "f1_std": 0.005247032238069721, "auc": 0.9789913130233459, "auc_std": 0.003133214977876068, "nmi": 0.7000664075954849, "nmi_std": 0.007172337745062809, "ari": 0.7361769676208496, "ari_std": 0.013016786426305771, "recall_1": 0.8713999999999998, "recall_1_std": 0.005366563145999499, "recall_2": 0.9527999758720398, "recall_2_std": 0.005585687700659037}