{"dataset": "PubMed", "split": "public", "model": "GCN2_BP", "device": 0, "seed": 0, "runs": 10, "epochs": 200, "lr": 0.01, "weight_decay": 0.0005, "early_stopping": 0, "hidden": 16, "dropout": 0.5, "normalize_features": true, "logger": "GCN2_BP-PubMed-public-Adam", "optimizer": "Adam", "momentum": 0.9, "eps": 0.01, "update_freq": 50, "hyperparam": null, "loss": 2.8082821369171143, "acc": 0.7055000066757202, "loss_std": 0.01477327011525631, "acc_std": 0.01493131835013628, "duration": 16.522624969482422}