{"dataset": "Cora", "split": "full", "model": "GCN2_HBP", "device": 0, "seed": 0, "runs": 5, "epochs": 200, "lr": 0.01, "weight_decay": 0.0005, "early_stopping": 0, "hidden": 16, "dropout": 0.5, "normalize_features": true, "logger": "GCN2_HBP-Cora-full-Adam", "optimizer": "Adam", "momentum": 0.9, "eps": 0.01, "update_freq": 50, "hyperparam": null, "loss": 1.286909818649292, "acc": 0.8775999999999999, "loss_std": 0.003126151394098997, "acc_std": 0.003646916505762097, "duration": 20.14620590209961, "duration_std": 0.3965890407562256, "f1": 0.8619567601711733, "f1_std": 0.005114518643052109, "auc": 0.9810387139532544, "auc_std": 0.0005095962135251127, "nmi": 0.7189917653057177, "nmi_std": 0.004283507605407462, "ari": 0.749342143535614, "ari_std": 0.007253305986523628, "recall_1": 0.8775999999999999, "recall_1_std": 0.003646916505762097, "recall_2": 0.9515999555587769, "recall_2_std": 0.004159324336796999}