{"dataset": "CiteSeer", "split": "public", "model": "GCN2", "device": 0, "seed": 0, "runs": 5, "epochs": 200, "lr": 0.01, "weight_decay": 0.0005, "early_stopping": 0, "hidden": 16, "dropout": 0.5, "normalize_features": true, "logger": "GCN2-CiteSeer-public-Adam", "optimizer": "Adam", "momentum": 0.9, "eps": 0.01, "update_freq": 50, "hyperparam": null, "alpha": 0, "regularization": null, "loss": 1.1294054985046387, "acc": 0.7163999999999999, "loss_std": 0.12017938494682312, "acc_std": 0.0038470768123342724, "duration": 16.219449996948242, "duration_std": 0.291572242975235, "f1": 0.6800243712370833, "f1_std": 0.003580523633433824, "auc": 0.9046432273326687, "auc_std": 0.006103993130940806, "nmi": 0.45730396804941564, "nmi_std": 0.00581180683844641, "ari": 0.47579947113990784, "ari_std": 0.007350527215749025, "recall_1": 0.7163999999999999, "recall_1_std": 0.0038470768123342724, "recall_2": 0.858799934387207, "recall_2_std": 0.004086577799171209}