{"dataset": "Cora", "split": "full", "model": "GCN2_HLBP", "device": 0, "seed": 0, "runs": 5, "epochs": 200, "lr": 0.01, "weight_decay": 0.0005, "early_stopping": 0, "hidden": 16, "dropout": 0.5, "normalize_features": true, "logger": "GCN2_HLBP-Cora-full-Adam", "optimizer": "Adam", "momentum": 0.9, "eps": 0.01, "update_freq": 50, "hyperparam": null, "alpha": 0, "regularization": null, "loss": 1.359562873840332, "acc": 0.8564, "loss_std": 0.00913514755666256, "acc_std": 0.0061073725938409935, "duration": 23.76767921447754, "duration_std": 0.3514159321784973, "f1": 0.8308826418265565, "f1_std": 0.010222329354251571, "auc": 0.9779297056905178, "auc_std": 0.0008188262224295612, "nmi": 0.6977201256785314, "nmi_std": 0.007176507719849899, "ari": 0.7159463167190552, "ari_std": 0.012646489776670933, "recall_1": 0.8564, "recall_1_std": 0.0061073725938409935, "recall_2": 0.9478000402450562, "recall_2_std": 0.0014832386514171958}