{"dataset": "CiteSeer", "split": "complete", "model": "GCN2_HLBP", "device": 0, "seed": 0, "runs": 5, "epochs": 200, "lr": 0.01, "weight_decay": 0.0005, "early_stopping": 0, "hidden": 16, "dropout": 0.5, "normalize_features": true, "logger": "GCN2_HLBP-CiteSeer-complete-Adam", "optimizer": "Adam", "momentum": 0.9, "eps": 0.01, "update_freq": 50, "hyperparam": null, "alpha": 0, "regularization": null, "loss": 1.320683479309082, "acc": 0.7692, "loss_std": 0.006169606000185013, "acc_std": 0.0030331501776206227, "duration": 22.741662979125977, "duration_std": 0.38441261649131775, "f1": 0.671835817458273, "f1_std": 0.0027598344742025866, "auc": 0.919188672466599, "auc_std": 0.0022798127631723114, "nmi": 0.5752285678469934, "nmi_std": 0.008575918935074511, "ari": 0.5826787948608398, "ari_std": 0.007272830232977867, "recall_1": 0.7692, "recall_1_std": 0.0030331501776206227, "recall_2": 0.8840000033378601, "recall_2_std": 0.005099012516438961}