{"dataset": "CiteSeer", "split": "complete", "model": "GCN2_HBPU", "device": 0, "seed": 0, "runs": 5, "epochs": 200, "lr": 0.01, "weight_decay": 0.0005, "early_stopping": 0, "hidden": 16, "dropout": 0.5, "normalize_features": true, "logger": "GCN2_HBPU-CiteSeer-complete-Adam", "optimizer": "Adam", "momentum": 0.9, "eps": 0.01, "update_freq": 50, "hyperparam": null, "alpha": 0.1, "regularization": "uniformity", "loss": 1.2281371355056763, "acc": 0.782, "loss_std": 0.0027394231874495745, "acc_std": 0.0024494897427831805, "duration": 25.234222412109375, "duration_std": 0.18871235847473145, "f1": 0.6910581653430653, "f1_std": 0.0068421697503734495, "auc": 0.9299297582873682, "auc_std": 0.004157201970640306, "nmi": 0.5933864124486956, "nmi_std": 0.008794573228524276, "ari": 0.6036890149116516, "ari_std": 0.005708873271942139, "recall_1": 0.782, "recall_1_std": 0.0024494897427831805, "recall_2": 0.908799946308136, "recall_2_std": 0.005019961856305599}