{"dataset": "PubMed", "split": "full", "model": "GCN2", "device": 0, "seed": 0, "runs": 5, "epochs": 200, "lr": 0.01, "weight_decay": 0.0005, "early_stopping": 0, "hidden": 16, "dropout": 0.5, "normalize_features": true, "logger": "GCN2-PubMed-full-Adam", "optimizer": "Adam", "momentum": 0.9, "eps": 0.01, "update_freq": 50, "hyperparam": null, "alpha": 0, "regularization": null, "loss": 0.4483955502510071, "acc": 0.8562, "loss_std": 0.016462955623865128, "acc_std": 0.005540758070878032, "duration": 31.415050506591797, "duration_std": 0.3001590073108673, "f1": 0.8427104006788522, "f1_std": 0.005820630872026105, "auc": 0.955736466160195, "auc_std": 0.0009699496229274903, "nmi": 0.5290064591764342, "nmi_std": 0.011240475894051844, "ari": 0.615437388420105, "ari_std": 0.012750321999192238, "recall_1": 0.8562, "recall_1_std": 0.005540758070878032, "recall_2": 0.9745999574661255, "recall_2_std": 0.001140189473517239}