{"dataset": "Cora", "split": "public", "model": "GCN2_HBPU", "device": 0, "seed": 0, "runs": 5, "epochs": 1000, "lr": 0.01, "weight_decay": 0.0005, "early_stopping": 0, "hidden": 16, "dropout": 0.5, "normalize_features": true, "logger": "GCN2_HBPU-Cora-public-Adam", "optimizer": "Adam", "momentum": 0.9, "eps": 0.01, "update_freq": 50, "hyperparam": null, "alpha": 0.1, "regularization": "uniformity", "loss": 1.2958340644836426, "acc": 0.8395999999999999, "loss_std": 0.009850551374256611, "acc_std": 0.004505552130427528, "duration": 140.63320922851562, "duration_std": 1.41520357131958, "f1": 0.8284368721085642, "f1_std": 0.005938760349348363, "auc": 0.9671226173024706, "auc_std": 0.00306100025506832, "nmi": 0.6486408220824943, "nmi_std": 0.008923597564537387, "ari": 0.6681374907493591, "ari_std": 0.008097399026155472, "recall_1": 0.8395999999999999, "recall_1_std": 0.004505552130427528, "recall_2": 0.9399999380111694, "recall_2_std": 0.004301166161894798}