{"dataset": "Cora", "split": "full", "model": "GCN2", "device": 0, "seed": 0, "runs": 5, "epochs": 200, "lr": 0.01, "weight_decay": 0.0005, "early_stopping": 0, "hidden": 16, "dropout": 0.5, "normalize_features": true, "logger": "GCN2-Cora-full-Adam", "optimizer": "Adam", "momentum": 0.9, "eps": 0.01, "update_freq": 50, "hyperparam": null, "alpha": 0, "regularization": null, "loss": 0.7860254049301147, "acc": 0.821, "loss_std": 0.09587850421667099, "acc_std": 0.030975797003467056, "duration": 19.36111068725586, "duration_std": 0.5322219133377075, "f1": 0.7606623188051053, "f1_std": 0.07778995452502657, "auc": 0.9692414338975457, "auc_std": 0.0037425652607927847, "nmi": 0.6638801276103108, "nmi_std": 0.03078917202535602, "ari": 0.6698132753372192, "ari_std": 0.028058595955371857, "recall_1": 0.821, "recall_1_std": 0.030975797003467056, "recall_2": 0.9191999435424805, "recall_2_std": 0.03478793427348137}