{"dataset": "CiteSeer", "split": "full", "model": "GCN2_HLBP", "device": 0, "seed": 0, "runs": 5, "epochs": 200, "lr": 0.01, "weight_decay": 0.0005, "early_stopping": 0, "hidden": 16, "dropout": 0.5, "normalize_features": true, "logger": "GCN2_HLBP-CiteSeer-full-Adam", "optimizer": "Adam", "momentum": 0.9, "eps": 0.01, "update_freq": 50, "hyperparam": null, "alpha": 0, "regularization": null, "loss": 1.3086639642715454, "acc": 0.7682, "loss_std": 0.009588883258402348, "acc_std": 0.00465832587954085, "duration": 22.8272705078125, "duration_std": 0.24124060571193695, "f1": 0.6652136072848712, "f1_std": 0.003849493114078259, "auc": 0.9211288538692883, "auc_std": 0.0031615136561146525, "nmi": 0.5340605469925429, "nmi_std": 0.007288800112614442, "ari": 0.5614320039749146, "ari_std": 0.009363260120153427, "recall_1": 0.7682, "recall_1_std": 0.00465832587954085, "recall_2": 0.8853999972343445, "recall_2_std": 0.005029921419918537}