{"dataset": "Cora", "split": "complete", "model": "GCN2_HBP", "device": 0, "seed": 0, "runs": 5, "epochs": 200, "lr": 0.01, "weight_decay": 0.0005, "early_stopping": 0, "hidden": 16, "dropout": 0.5, "normalize_features": true, "logger": "GCN2_HBP-Cora-complete-Adam", "optimizer": "Adam", "momentum": 0.9, "eps": 0.01, "update_freq": 50, "hyperparam": null, "loss": 1.2893836498260498, "acc": 0.8896000000000001, "loss_std": 0.0025967711117118597, "acc_std": 0.004335896677735764, "duration": 20.74510383605957, "duration_std": 0.3181622624397278, "f1": 0.8585342843562781, "f1_std": 0.0075541571885445295, "auc": 0.9769286083519264, "auc_std": 0.0008392411948867129, "nmi": 0.7449714067370519, "nmi_std": 0.010374120956246218, "ari": 0.7746214866638184, "ari_std": 0.0065439073368906975, "recall_1": 0.8896000000000001, "recall_1_std": 0.004335896677735764, "recall_2": 0.9555999636650085, "recall_2_std": 0.0016733198426663876}