{"dataset": "PubMed", "split": "complete", "model": "GCN2_BP", "device": 0, "seed": 0, "runs": 10, "epochs": 200, "lr": 0.01, "weight_decay": 0.0005, "early_stopping": 0, "hidden": 16, "dropout": 0.5, "normalize_features": true, "logger": "GCN2_BP-PubMed-complete-Adam", "optimizer": "Adam", "momentum": 0.9, "eps": 0.01, "update_freq": 50, "hyperparam": null, "loss": 2.4422762393951416, "acc": 0.6702000498771667, "loss_std": 0.004782544448971748, "acc_std": 0.011640926823019981, "duration": 16.340473175048828}