{"dataset": "PubMed", "split": "full", "model": "GCN2_BP", "device": 0, "seed": 0, "runs": 10, "epochs": 200, "lr": 0.01, "weight_decay": 0.0005, "early_stopping": 0, "hidden": 16, "dropout": 0.5, "normalize_features": true, "logger": "GCN2_BP-PubMed-full-Adam", "optimizer": "Adam", "momentum": 0.9, "eps": 0.01, "update_freq": 50, "hyperparam": null, "loss": 2.693880319595337, "acc": 0.676800012588501, "loss_std": 0.004416017793118954, "acc_std": 0.011735979467630386, "duration": 16.367902755737305}