{"dataset": "PubMed", "split": "public", "model": "GCN2_HBPU", "device": 0, "seed": 0, "runs": 5, "epochs": 200, "lr": 0.01, "weight_decay": 0.0005, "early_stopping": 0, "hidden": 16, "dropout": 0.5, "normalize_features": true, "logger": "GCN2_HBPU-PubMed-public-Adam", "optimizer": "Adam", "momentum": 0.9, "eps": 0.01, "update_freq": 50, "hyperparam": null, "alpha": 0.1, "regularization": "uniformity", "loss": 0.6883108615875244, "acc": 0.7998000000000001, "loss_std": 0.001999266678467393, "acc_std": 0.003033150177620623, "duration": 30.95127296447754, "duration_std": 0.5089003443717957, "f1": 0.7930959657479668, "f1_std": 0.0026454070413647877, "auc": 0.9196127169432255, "auc_std": 0.001103245091426875, "nmi": 0.4083096126809863, "nmi_std": 0.007623163290210763, "ari": 0.47614288330078125, "ari_std": 0.00818785559386015, "recall_1": 0.7998000000000001, "recall_1_std": 0.003033150177620623, "recall_2": 0.9656000137329102, "recall_2_std": 0.0005477481754496694}