{"dataset": "PubMed", "split": "public", "model": "GCN2_HLBP", "device": 0, "seed": 0, "runs": 5, "epochs": 200, "lr": 0.01, "weight_decay": 0.0005, "early_stopping": 0, "hidden": 16, "dropout": 0.5, "normalize_features": true, "logger": "GCN2_HLBP-PubMed-public-Adam", "optimizer": "Adam", "momentum": 0.9, "eps": 0.01, "update_freq": 50, "hyperparam": null, "alpha": 0, "regularization": null, "loss": 0.7163327932357788, "acc": 0.8024000000000001, "loss_std": 0.004032030701637268, "acc_std": 0.004929503017546499, "duration": 42.96292495727539, "duration_std": 0.1944994330406189, "f1": 0.796193800600368, "f1_std": 0.005413917517538115, "auc": 0.9260976549959601, "auc_std": 0.0007892547216564062, "nmi": 0.418024071566559, "nmi_std": 0.00745572192824859, "ari": 0.4822436273097992, "ari_std": 0.009210867807269096, "recall_1": 0.8024000000000001, "recall_1_std": 0.004929503017546499, "recall_2": 0.9654000401496887, "recall_2_std": 0.00304958107881248}