{"dataset": "CiteSeer", "split": "public", "model": "GCN2_HBP", "device": 0, "seed": 0, "runs": 5, "epochs": 200, "lr": 0.01, "weight_decay": 0.0005, "early_stopping": 0, "hidden": 16, "dropout": 0.5, "normalize_features": true, "logger": "GCN2_HBP-CiteSeer-public-Adam", "optimizer": "Adam", "momentum": 0.9, "eps": 0.01, "update_freq": 50, "hyperparam": null, "loss": 1.3280537128448486, "acc": 0.7278, "loss_std": 0.006554024759680033, "acc_std": 0.006572670690061999, "duration": 16.887561798095703, "duration_std": 0.42172971367836, "f1": 0.6843208786105407, "f1_std": 0.004081684502146284, "auc": 0.9034280566235303, "auc_std": 0.0023551095270301172, "nmi": 0.46428151543740687, "nmi_std": 0.0040217458210067315, "ari": 0.4896630644798279, "ari_std": 0.011663769371807575, "recall_1": 0.7278, "recall_1_std": 0.006572670690061999, "recall_2": 0.8686000108718872, "recall_2_std": 0.004722293466329575}