{"dataset": "PubMed", "split": "complete", "model": "GCN2_HBPU", "device": 0, "seed": 0, "runs": 5, "epochs": 200, "lr": 0.01, "weight_decay": 0.0005, "early_stopping": 0, "hidden": 16, "dropout": 0.5, "normalize_features": true, "logger": "GCN2_HBPU-PubMed-complete-Adam", "optimizer": "Adam", "momentum": 0.9, "eps": 0.01, "update_freq": 50, "hyperparam": null, "alpha": 0.1, "regularization": "uniformity", "loss": 0.6023337244987488, "acc": 0.8724000000000001, "loss_std": 0.0005042605334892869, "acc_std": 0.0038470768123342724, "duration": 42.605464935302734, "duration_std": 0.5303988456726074, "f1": 0.8622052201891199, "f1_std": 0.004146386507848029, "auc": 0.9681106236271662, "auc_std": 0.00036651749219007864, "nmi": 0.571582542911952, "nmi_std": 0.008456090106392276, "ari": 0.6558529138565063, "ari_std": 0.009053696878254414, "recall_1": 0.8724000000000001, "recall_1_std": 0.0038470768123342724, "recall_2": 0.9843999743461609, "recall_2_std": 0.0016733198426663876}