{"dataset": "CiteSeer", "split": "complete", "model": "GCN2", "device": 0, "seed": 0, "runs": 5, "epochs": 200, "lr": 0.01, "weight_decay": 0.0005, "early_stopping": 0, "hidden": 16, "dropout": 0.5, "normalize_features": true, "logger": "GCN2-CiteSeer-complete-Adam", "optimizer": "Adam", "momentum": 0.9, "eps": 0.01, "update_freq": 50, "hyperparam": null, "alpha": 0, "regularization": null, "loss": 1.0244731903076172, "acc": 0.7676000000000001, "loss_std": 0.09352105855941772, "acc_std": 0.006542170893518456, "duration": 17.786922454833984, "duration_std": 0.27511122822761536, "f1": 0.6708807620847864, "f1_std": 0.0060878108260288355, "auc": 0.9285732967390933, "auc_std": 0.003897111892526471, "nmi": 0.5792436368300778, "nmi_std": 0.010754443105721205, "ari": 0.5814287066459656, "ari_std": 0.012614654377102852, "recall_1": 0.7676000000000001, "recall_1_std": 0.006542170893518456, "recall_2": 0.864799976348877, "recall_2_std": 0.009654013440012932}