{"dataset": "PubMed", "split": "complete", "model": "GCN2", "device": 0, "seed": 0, "runs": 5, "epochs": 200, "lr": 0.01, "weight_decay": 0.0005, "early_stopping": 0, "hidden": 16, "dropout": 0.5, "normalize_features": true, "logger": "GCN2-PubMed-complete-Adam", "optimizer": "Adam", "momentum": 0.9, "eps": 0.01, "update_freq": 50, "hyperparam": null, "alpha": 0, "regularization": null, "loss": 0.4329148828983307, "acc": 0.8543999999999998, "loss_std": 0.012183146551251411, "acc_std": 0.00712741187248219, "duration": 31.14040184020996, "duration_std": 0.23559990525245667, "f1": 0.8432566025566086, "f1_std": 0.006601598908193178, "auc": 0.9613270572155717, "auc_std": 0.0006540485063787683, "nmi": 0.5285525483653736, "nmi_std": 0.014152459373768612, "ari": 0.6061362028121948, "ari_std": 0.017898907884955406, "recall_1": 0.8543999999999998, "recall_1_std": 0.00712741187248219, "recall_2": 0.9800000190734863, "recall_2_std": 0.0024495068937540054}