{"dataset": "Cora", "split": "full", "model": "GCN2_HBPU", "device": 0, "seed": 0, "runs": 5, "epochs": 200, "lr": 0.01, "weight_decay": 0.0005, "early_stopping": 0, "hidden": 16, "dropout": 0.5, "normalize_features": true, "logger": "GCN2_HBPU-Cora-full-Adam", "optimizer": "Adam", "momentum": 0.9, "eps": 0.01, "update_freq": 50, "hyperparam": null, "alpha": 0.1, "regularization": "uniformity", "loss": 1.2471210956573486, "acc": 0.8855999999999999, "loss_std": 0.0029358791653066874, "acc_std": 0.004159326868617088, "duration": 28.759653091430664, "duration_std": 0.5706645846366882, "f1": 0.8697000996561819, "f1_std": 0.004943169621144272, "auc": 0.9818722282913193, "auc_std": 0.001350576588370345, "nmi": 0.7274131597114507, "nmi_std": 0.006779449818612972, "ari": 0.770330548286438, "ari_std": 0.008830869570374489, "recall_1": 0.8855999999999999, "recall_1_std": 0.004159326868617088, "recall_2": 0.9564000368118286, "recall_2_std": 0.0020736432634294033}