{"dataset": "CiteSeer", "split": "full", "model": "GCN2", "device": 0, "seed": 0, "runs": 5, "epochs": 200, "lr": 0.01, "weight_decay": 0.0005, "early_stopping": 0, "hidden": 16, "dropout": 0.5, "normalize_features": true, "logger": "GCN2-CiteSeer-full-Adam", "optimizer": "Adam", "momentum": 0.9, "eps": 0.01, "update_freq": 50, "hyperparam": null, "alpha": 0, "regularization": null, "loss": 1.0262668132781982, "acc": 0.7712000000000001, "loss_std": 0.08493003994226456, "acc_std": 0.0021679483388678815, "duration": 17.49471092224121, "duration_std": 0.35708650946617126, "f1": 0.667679732246882, "f1_std": 0.002072694091173103, "auc": 0.9263642786092408, "auc_std": 0.0037669527418997028, "nmi": 0.5398898859889494, "nmi_std": 0.003360911123496246, "ari": 0.5669465661048889, "ari_std": 0.004456071648746729, "recall_1": 0.7712000000000001, "recall_1_std": 0.0021679483388678815, "recall_2": 0.8694000244140625, "recall_2_std": 0.004722292535007}