{"dataset": "CiteSeer", "split": "complete", "model": "GCN2_HBP", "device": 0, "seed": 0, "runs": 5, "epochs": 200, "lr": 0.01, "weight_decay": 0.0005, "early_stopping": 0, "hidden": 16, "dropout": 0.5, "normalize_features": true, "logger": "GCN2_HBP-CiteSeer-complete-Adam", "optimizer": "Adam", "momentum": 0.9, "eps": 0.01, "update_freq": 50, "hyperparam": null, "loss": 1.2548105716705322, "acc": 0.7716, "loss_std": 0.0015126279322430491, "acc_std": 0.0053665631459995, "duration": 18.688549041748047, "duration_std": 0.3531765341758728, "f1": 0.6743475189329476, "f1_std": 0.005199340742428977, "auc": 0.9143018576447142, "auc_std": 0.0017248499505145528, "nmi": 0.5791565854757841, "nmi_std": 0.012685304738295544, "ari": 0.5883694887161255, "ari_std": 0.010359909385442734, "recall_1": 0.7716, "recall_1_std": 0.0053665631459995, "recall_2": 0.896399974822998, "recall_2_std": 0.005727118346840143}