{"dataset": "PubMed", "split": "full", "model": "GCN2_HLBP", "device": 0, "seed": 0, "runs": 5, "epochs": 200, "lr": 0.01, "weight_decay": 0.0005, "early_stopping": 0, "hidden": 16, "dropout": 0.5, "normalize_features": true, "logger": "GCN2_HLBP-PubMed-full-Adam", "optimizer": "Adam", "momentum": 0.9, "eps": 0.01, "update_freq": 50, "hyperparam": null, "alpha": 0, "regularization": null, "loss": 0.6353532075881958, "acc": 0.8489999999999999, "loss_std": 0.00042191153625026345, "acc_std": 0.0014142135623730961, "duration": 54.986717224121094, "duration_std": 0.4262392520904541, "f1": 0.8358481845242276, "f1_std": 0.001200109605403527, "auc": 0.9582391217984438, "auc_std": 0.0002079062975946473, "nmi": 0.5119114278546579, "nmi_std": 0.002947934492855655, "ari": 0.6002649068832397, "ari_std": 0.003928120248019695, "recall_1": 0.8489999999999999, "recall_1_std": 0.0014142135623730961, "recall_2": 0.9809999465942383, "recall_2_std": 0.0012247534468770027}