{"dataset": "PubMed", "split": "complete", "model": "GCN2_HLBP", "device": 0, "seed": 0, "runs": 5, "epochs": 200, "lr": 0.01, "weight_decay": 0.0005, "early_stopping": 0, "hidden": 16, "dropout": 0.5, "normalize_features": true, "logger": "GCN2_HLBP-PubMed-complete-Adam", "optimizer": "Adam", "momentum": 0.9, "eps": 0.01, "update_freq": 50, "hyperparam": null, "alpha": 0, "regularization": null, "loss": 0.6382073163986206, "acc": 0.8423999999999999, "loss_std": 0.0007799694431014359, "acc_std": 0.0032863353450309995, "duration": 54.582069396972656, "duration_std": 0.29119637608528137, "f1": 0.8322229705526629, "f1_std": 0.0037694445941046082, "auc": 0.9613046705627297, "auc_std": 0.0005109124807801621, "nmi": 0.5065507154706654, "nmi_std": 0.00816716223446825, "ari": 0.5804509520530701, "ari_std": 0.007682482711970806, "recall_1": 0.8423999999999999, "recall_1_std": 0.0032863353450309995, "recall_2": 0.9836000204086304, "recall_2_std": 0.0008944423170760274}