{"dataset": "PubMed", "split": "full", "model": "GCN2_HBP", "device": 0, "seed": 0, "runs": 5, "epochs": 200, "lr": 0.01, "weight_decay": 0.0005, "early_stopping": 0, "hidden": 16, "dropout": 0.5, "normalize_features": true, "logger": "GCN2_HBP-PubMed-full-Adam", "optimizer": "Adam", "momentum": 0.9, "eps": 0.01, "update_freq": 50, "hyperparam": null, "loss": 0.6147581934928894, "acc": 0.8554, "loss_std": 0.0017132643843069673, "acc_std": 0.0016733200530681528, "duration": 41.06855010986328, "duration_std": 0.57744300365448, "f1": 0.8431788753186213, "f1_std": 0.0016214268528212208, "auc": 0.9588046537622809, "auc_std": 0.00026130568695342587, "nmi": 0.5261856488513933, "nmi_std": 0.004125385943630294, "ari": 0.6143801808357239, "ari_std": 0.004324181005358696, "recall_1": 0.8554, "recall_1_std": 0.0016733200530681528, "recall_2": 0.9824000597000122, "recall_2_std": 0.001341641298495233}