{"dataset": "CiteSeer", "split": "public", "model": "GCN2_HLBP", "device": 0, "seed": 0, "runs": 5, "epochs": 200, "lr": 0.01, "weight_decay": 0.0005, "early_stopping": 0, "hidden": 16, "dropout": 0.5, "normalize_features": true, "logger": "GCN2_HLBP-CiteSeer-public-Adam", "optimizer": "Adam", "momentum": 0.9, "eps": 0.01, "update_freq": 50, "hyperparam": null, "alpha": 0, "regularization": null, "loss": 1.4027934074401855, "acc": 0.7373999999999998, "loss_std": 0.004743915982544422, "acc_std": 0.0042190046219458014, "duration": 21.568056106567383, "duration_std": 0.134292870759964, "f1": 0.6920300575667457, "f1_std": 0.00358425391176286, "auc": 0.9091309513742546, "auc_std": 0.001068498794135301, "nmi": 0.4732937041519447, "nmi_std": 0.005362576259052665, "ari": 0.5050517320632935, "ari_std": 0.009094555862247944, "recall_1": 0.7373999999999998, "recall_1_std": 0.0042190046219458014, "recall_2": 0.8734000325202942, "recall_2_std": 0.005458931438624859}