{"dataset": "Cora", "split": "public", "model": "GCN2_HLBP", "device": 0, "seed": 0, "runs": 5, "epochs": 1000, "lr": 0.01, "weight_decay": 0.0005, "early_stopping": 0, "hidden": 16, "dropout": 0.5, "normalize_features": true, "logger": "GCN2_HLBP-Cora-public-Adam", "optimizer": "Adam", "momentum": 0.9, "eps": 0.01, "update_freq": 50, "hyperparam": null, "alpha": 0, "regularization": null, "loss": 1.3829851150512695, "acc": 0.8417999999999999, "loss_std": 0.004888970870524645, "acc_std": 0.004147288270665548, "duration": 112.5318603515625, "duration_std": 0.5949915051460266, "f1": 0.828365677395914, "f1_std": 0.002884882555401514, "auc": 0.9743803062624478, "auc_std": 0.0006576074820876931, "nmi": 0.6519591087420402, "nmi_std": 0.004871023415900638, "ari": 0.6760140657424927, "ari_std": 0.010852436535060406, "recall_1": 0.8417999999999999, "recall_1_std": 0.004147288270665548, "recall_2": 0.946399986743927, "recall_2_std": 0.003507139626890421}