{"experiment": "GCN2-Cora-full-Adam", "loss": 0.8676943778991699, "acc": 0.7984999418258667, "loss_std": 0.11937053501605988, "acc_std": 0.04596193879842758, "duration": 6.745576858520508}