{"dataset": "PubMed", "split": "full", "model": "GCN2_HBPU", "device": 0, "seed": 0, "runs": 5, "epochs": 200, "lr": 0.01, "weight_decay": 0.0005, "early_stopping": 0, "hidden": 16, "dropout": 0.5, "normalize_features": true, "logger": "GCN2_HBPU-PubMed-full-Adam", "optimizer": "Adam", "momentum": 0.9, "eps": 0.01, "update_freq": 50, "hyperparam": null, "alpha": 0.1, "regularization": "uniformity", "loss": 0.5831214785575867, "acc": 0.8745999999999998, "loss_std": 0.00022817989520262927, "acc_std": 0.001140175425099139, "duration": 42.738929748535156, "duration_std": 0.5950073599815369, "f1": 0.8625244109034916, "f1_std": 0.0017217462008537296, "auc": 0.963121683206429, "auc_std": 0.0006282227586311782, "nmi": 0.5652807501556347, "nmi_std": 0.0033215949250216532, "ari": 0.6617040634155273, "ari_std": 0.0029410270508378744, "recall_1": 0.8745999999999998, "recall_1_std": 0.001140175425099139, "recall_2": 0.9843999743461609, "recall_2_std": 0.0015165692893788218}