{"dataset": "Cora", "split": "public", "model": "GCN2_BP", "device": 0, "seed": 0, "runs": 5, "epochs": 1000, "lr": 0.01, "weight_decay": 0.0005, "early_stopping": 0, "hidden": 16, "dropout": 0.5, "normalize_features": true, "logger": "GCN2_BP-Cora-public-Adam", "optimizer": "Adam", "momentum": 0.9, "eps": 0.01, "update_freq": 50, "hyperparam": null, "alpha": 0, "regularization": null, "loss": 0.6207982301712036, "acc": 0.8436, "loss_std": 0.019634000957012177, "acc_std": 0.0026076809620810618, "duration": 95.9478530883789, "duration_std": 0.17445504665374756, "f1": 0.8302162106486509, "f1_std": 0.0020480877048153303, "auc": 0.971935027069969, "auc_std": 0.0009016852378065952, "nmi": 0.6522935697139367, "nmi_std": 0.0057696702455211635, "ari": 0.6810542345046997, "ari_std": 0.007464721333235502, "recall_1": 0.8436, "recall_1_std": 0.0026076809620810618, "recall_2": 0.9441999197006226, "recall_2_std": 0.00192353839520365}