{"dataset": "PubMed", "split": "public", "model": "GCN2_HBP", "device": 0, "seed": 0, "runs": 5, "epochs": 200, "lr": 0.01, "weight_decay": 0.0005, "early_stopping": 0, "hidden": 16, "dropout": 0.5, "normalize_features": true, "logger": "GCN2_HBP-PubMed-public-Adam", "optimizer": "Adam", "momentum": 0.9, "eps": 0.01, "update_freq": 50, "hyperparam": null, "loss": 0.7040295600891113, "acc": 0.8002, "loss_std": 0.0023880302906036377, "acc_std": 0.003420526275297417, "duration": 29.212793350219727, "duration_std": 0.25404348969459534, "f1": 0.7952049410749883, "f1_std": 0.0031096523570200577, "auc": 0.919884508104847, "auc_std": 0.0018683347246727764, "nmi": 0.4091700447295786, "nmi_std": 0.006982100332574379, "ari": 0.474735826253891, "ari_std": 0.008418302983045578, "recall_1": 0.8002, "recall_1_std": 0.003420526275297417, "recall_2": 0.9629999399185181, "recall_2_std": 0.0032403699588030577}