{"dataset": "CiteSeer", "split": "full", "model": "GCN2_HBPU", "device": 0, "seed": 0, "runs": 5, "epochs": 200, "lr": 0.01, "weight_decay": 0.0005, "early_stopping": 0, "hidden": 16, "dropout": 0.5, "normalize_features": true, "logger": "GCN2_HBPU-CiteSeer-full-Adam", "optimizer": "Adam", "momentum": 0.9, "eps": 0.01, "update_freq": 50, "hyperparam": null, "alpha": 0.1, "regularization": "uniformity", "loss": 1.1976888179779053, "acc": 0.7847999999999999, "loss_std": 0.0018121572211384773, "acc_std": 0.003834057902536166, "duration": 25.036123275756836, "duration_std": 0.18537117540836334, "f1": 0.7030909400745629, "f1_std": 0.014100972601549699, "auc": 0.9301123225553087, "auc_std": 0.0009923118027163448, "nmi": 0.5528221011257187, "nmi_std": 0.004999463763589718, "ari": 0.5861942172050476, "ari_std": 0.004872659221291542, "recall_1": 0.7847999999999999, "recall_1_std": 0.003834057902536166, "recall_2": 0.9132000207901001, "recall_2_std": 0.004604363348335028}