{"dataset": "Cora", "split": "complete", "model": "GCN2_HLBP", "device": 0, "seed": 0, "runs": 5, "epochs": 200, "lr": 0.01, "weight_decay": 0.0005, "early_stopping": 0, "hidden": 16, "dropout": 0.5, "normalize_features": true, "logger": "GCN2_HLBP-Cora-complete-Adam", "optimizer": "Adam", "momentum": 0.9, "eps": 0.01, "update_freq": 50, "hyperparam": null, "alpha": 0, "regularization": null, "loss": 1.3773216009140015, "acc": 0.8676, "loss_std": 0.009654971770942211, "acc_std": 0.006542170893518456, "duration": 23.93815040588379, "duration_std": 0.31716859340667725, "f1": 0.8260802390734894, "f1_std": 0.013979772047752102, "auc": 0.9757653408493473, "auc_std": 0.000401205722586158, "nmi": 0.7124675151882851, "nmi_std": 0.00846485603477132, "ari": 0.7342017889022827, "ari_std": 0.010972583666443825, "recall_1": 0.8676, "recall_1_std": 0.006542170893518456, "recall_2": 0.9583999514579773, "recall_2_std": 0.005899153184145689}