{"experiment": "GCN2-Cora-complete-Adam", "loss": 0.9629557132720947, "acc": 0.8229999542236328, "loss_std": 0.13356491923332214, "acc_std": 0.029698481783270836, "duration": 6.7357177734375}