{"dataset": "PubMed", "split": "complete", "model": "GCN2_HBP", "device": 0, "seed": 0, "runs": 5, "epochs": 200, "lr": 0.01, "weight_decay": 0.0005, "early_stopping": 0, "hidden": 16, "dropout": 0.5, "normalize_features": true, "logger": "GCN2_HBP-PubMed-complete-Adam", "optimizer": "Adam", "momentum": 0.9, "eps": 0.01, "update_freq": 50, "hyperparam": null, "loss": 0.6237456202507019, "acc": 0.8503999999999999, "loss_std": 0.0008887061267159879, "acc_std": 0.0038470768123342724, "duration": 41.083709716796875, "duration_std": 0.7553002834320068, "f1": 0.8421719322410416, "f1_std": 0.00397923932954374, "auc": 0.9633732222783971, "auc_std": 0.0003223324814671361, "nmi": 0.5251692872848696, "nmi_std": 0.008226032669865109, "ari": 0.598523736000061, "ari_std": 0.00901572871953249, "recall_1": 0.8503999999999999, "recall_1_std": 0.0038470768123342724, "recall_2": 0.9823999404907227, "recall_2_std": 0.0016733270604163408}