{"dataset": "Cora", "split": "public", "model": "GCN2_HBP", "device": 0, "seed": 0, "runs": 5, "epochs": 1000, "lr": 0.01, "weight_decay": 0.0005, "early_stopping": 0, "hidden": 16, "dropout": 0.5, "normalize_features": true, "logger": "GCN2_HBP-Cora-public-Adam", "optimizer": "Adam", "momentum": 0.9, "eps": 0.01, "update_freq": 50, "hyperparam": null, "alpha": 0, "regularization": null, "loss": 1.33500075340271, "acc": 0.8412, "loss_std": 0.002303527435287833, "acc_std": 0.002280350850198278, "duration": 98.57225036621094, "duration_std": 2.076927661895752, "f1": 0.8303578335961191, "f1_std": 0.002967036746454454, "auc": 0.9711106216835594, "auc_std": 0.0008322834368801733, "nmi": 0.653985085795544, "nmi_std": 0.0057124942351625685, "ari": 0.6707965135574341, "ari_std": 0.004267864394932985, "recall_1": 0.8412, "recall_1_std": 0.002280350850198278, "recall_2": 0.9431999921798706, "recall_2_std": 0.0019235400250181556}