{"dataset": "Cora", "split": "complete", "model": "GCN2_HBPU", "device": 0, "seed": 0, "runs": 5, "epochs": 200, "lr": 0.01, "weight_decay": 0.0005, "early_stopping": 0, "hidden": 16, "dropout": 0.5, "normalize_features": true, "logger": "GCN2_HBPU-Cora-complete-Adam", "optimizer": "Adam", "momentum": 0.9, "eps": 0.01, "update_freq": 50, "hyperparam": null, "alpha": 0.1, "regularization": "uniformity", "loss": 1.2461286783218384, "acc": 0.8976000000000001, "loss_std": 0.002722325501963496, "acc_std": 0.0035777087639996667, "duration": 28.350749969482422, "duration_std": 0.792904794216156, "f1": 0.8685118539328783, "f1_std": 0.006790426775588088, "auc": 0.9806316134375486, "auc_std": 0.0032790236759014124, "nmi": 0.7526547006661746, "nmi_std": 0.0071835133684574936, "ari": 0.7920241355895996, "ari_std": 0.004612754564732313, "recall_1": 0.8976000000000001, "recall_1_std": 0.0035777087639996667, "recall_2": 0.9628000259399414, "recall_2_std": 0.002280360786244273}