{"dataset": "CiteSeer", "split": "full", "model": "GCN2_BP", "device": 0, "seed": 0, "runs": 10, "epochs": 200, "lr": 0.01, "weight_decay": 0.0005, "early_stopping": 0, "hidden": 16, "dropout": 0.5, "normalize_features": true, "logger": "GCN2_BP-CiteSeer-full-Adam", "optimizer": "Adam", "momentum": 0.9, "eps": 0.01, "update_freq": 50, "hyperparam": null, "loss": 3.7587649822235107, "acc": 0.4930000305175781, "loss_std": 0.03208146244287491, "acc_std": 0.11171987652778625, "duration": 6.848358154296875}