{"dataset": "Cora", "split": "public", "model": "GCN2", "device": 0, "seed": 0, "runs": 5, "epochs": 200, "lr": 0.01, "weight_decay": 0.0005, "early_stopping": 0, "hidden": 16, "dropout": 0.5, "normalize_features": true, "logger": "GCN2-Cora-public-Adam", "optimizer": "Adam", "momentum": 0.9, "eps": 0.01, "update_freq": 50, "hyperparam": null, "alpha": 0, "regularization": null, "loss": 0.8668169975280762, "acc": 0.8478, "loss_std": 0.10413580387830734, "acc_std": 0.00268328157299975, "duration": 18.743465423583984, "duration_std": 0.22802424430847168, "f1": 0.8302514422470383, "f1_std": 0.004063025917427577, "auc": 0.9749500289232931, "auc_std": 0.0022152217688882845, "nmi": 0.6634295218901108, "nmi_std": 0.002065940138595867, "ari": 0.6994338035583496, "ari_std": 0.004761044401675463, "recall_1": 0.8478, "recall_1_std": 0.00268328157299975, "recall_2": 0.9408000111579895, "recall_2_std": 0.005848078988492489}