{"dataset": "PubMed", "split": "public", "model": "GCN2", "device": 0, "seed": 0, "runs": 5, "epochs": 200, "lr": 0.01, "weight_decay": 0.0005, "early_stopping": 0, "hidden": 16, "dropout": 0.5, "normalize_features": true, "logger": "GCN2-PubMed-public-Adam", "optimizer": "Adam", "momentum": 0.9, "eps": 0.01, "update_freq": 50, "hyperparam": null, "alpha": 0, "regularization": null, "loss": 0.5431329011917114, "acc": 0.7954, "loss_std": 0.02943584881722927, "acc_std": 0.003911521443121593, "duration": 19.470279693603516, "duration_std": 0.18368126451969147, "f1": 0.789801699897386, "f1_std": 0.002894865586402926, "auc": 0.922631679665578, "auc_std": 0.002566034082168128, "nmi": 0.39859986658669944, "nmi_std": 0.005702685365026385, "ari": 0.4655558466911316, "ari_std": 0.009031939320266247, "recall_1": 0.7954, "recall_1_std": 0.003911521443121593, "recall_2": 0.9651999473571777, "recall_2_std": 0.004324344452470541}