{"dataset": "Cora", "split": "complete", "model": "GCN2", "device": 0, "seed": 0, "runs": 5, "epochs": 200, "lr": 0.01, "weight_decay": 0.0005, "early_stopping": 0, "hidden": 16, "dropout": 0.5, "normalize_features": true, "logger": "GCN2-Cora-complete-Adam", "optimizer": "Adam", "momentum": 0.9, "eps": 0.01, "update_freq": 50, "hyperparam": null, "alpha": 0, "regularization": null, "loss": 0.8741655349731445, "acc": 0.8416, "loss_std": 0.10541590303182602, "acc_std": 0.022689204481426816, "duration": 19.72353744506836, "duration_std": 0.30373817682266235, "f1": 0.7471442266814694, "f1_std": 0.09219090597747578, "auc": 0.9682143930294271, "auc_std": 0.00417595925428325, "nmi": 0.6833455010712356, "nmi_std": 0.0190638331071911, "ari": 0.7082580327987671, "ari_std": 0.011624893173575401, "recall_1": 0.8416, "recall_1_std": 0.022689204481426816, "recall_2": 0.9180000424385071, "recall_2_std": 0.03484250605106354}