{"dataset": "CiteSeer", "split": "public", "model": "GCN2_HBPU", "device": 0, "seed": 0, "runs": 5, "epochs": 200, "lr": 0.01, "weight_decay": 0.0005, "early_stopping": 0, "hidden": 16, "dropout": 0.5, "normalize_features": true, "logger": "GCN2_HBPU-CiteSeer-public-Adam", "optimizer": "Adam", "momentum": 0.9, "eps": 0.01, "update_freq": 50, "hyperparam": null, "alpha": 0.1, "regularization": "uniformity", "loss": 1.303551197052002, "acc": 0.7293999999999999, "loss_std": 0.006522925570607185, "acc_std": 0.006542170893518456, "duration": 23.063640594482422, "duration_std": 0.26177722215652466, "f1": 0.6863547269239008, "f1_std": 0.006790854412916707, "auc": 0.9034416653645699, "auc_std": 0.0014232796209910491, "nmi": 0.46134843480025706, "nmi_std": 0.005807370982370806, "ari": 0.49014168977737427, "ari_std": 0.009070442989468575, "recall_1": 0.7293999999999999, "recall_1_std": 0.006542170893518456, "recall_2": 0.8756000399589539, "recall_2_std": 0.00554977310821414}