{"dataset": "CiteSeer", "split": "full", "model": "GCN2_HBP", "device": 0, "seed": 0, "runs": 5, "epochs": 200, "lr": 0.01, "weight_decay": 0.0005, "early_stopping": 0, "hidden": 16, "dropout": 0.5, "normalize_features": true, "logger": "GCN2_HBP-CiteSeer-full-Adam", "optimizer": "Adam", "momentum": 0.9, "eps": 0.01, "update_freq": 50, "hyperparam": null, "loss": 1.236944317817688, "acc": 0.7744, "loss_std": 0.002344431821256876, "acc_std": 0.001140175425099139, "duration": 18.292354583740234, "duration_std": 0.2681998014450073, "f1": 0.6703765577040588, "f1_std": 0.0009999472856939062, "auc": 0.9149073116788828, "auc_std": 0.002220878352912917, "nmi": 0.5463556257342479, "nmi_std": 0.0022087363790945975, "ari": 0.5736883282661438, "ari_std": 0.0022308658808469772, "recall_1": 0.7744, "recall_1_std": 0.001140175425099139, "recall_2": 0.8964000940322876, "recall_2_std": 0.004159321542829275}