{"dataset": "Cora", "split": "public", "model": "SAGE", "device": 0, "seed": 0, "runs": 5, "epochs": 200, "lr": 0.01, "weight_decay": 0.0005, "early_stopping": 0, "hidden": 16, "dropout": 0.5, "normalize_features": true, "logger": "SAGE-Cora-public-Adam", "optimizer": "Adam", "momentum": 0.9, "eps": 0.01, "update_freq": 50, "hyperparam": null, "alpha": 0, "regularization": null, "loss": 0.6953696012496948, "acc": 0.812, "loss_std": 0.022283634170889854, "acc_std": 0.0050497524691809886, "duration": 13.036659240722656, "duration_std": 0.19048935174942017, "f1": 0.8024100906188367, "f1_std": 0.003566331549317912, "auc": 0.9643682185023223, "auc_std": 0.0005379272800172676, "nmi": 0.5992140012098457, "nmi_std": 0.007697828059698644, "ari": 0.6152973175048828, "ari_std": 0.011305153369903564, "recall_1": 0.812, "recall_1_std": 0.0050497524691809886, "recall_2": 0.9147999882698059, "recall_2_std": 0.0035637118853628635}