{"dataset": "PubMed", "split": "full", "model": "SAGE", "device": 0, "seed": 0, "runs": 5, "epochs": 200, "lr": 0.01, "weight_decay": 0.0005, "early_stopping": 0, "hidden": 16, "dropout": 0.5, "normalize_features": true, "logger": "SAGE-PubMed-full-Adam", "optimizer": "Adam", "momentum": 0.9, "eps": 0.01, "update_freq": 50, "hyperparam": null, "alpha": 0, "regularization": null, "loss": 0.2819368839263916, "acc": 0.8808, "loss_std": 0.015607228502631187, "acc_std": 0.00268328157299975, "duration": 18.59728240966797, "duration_std": 0.21432431042194366, "f1": 0.8735783958549914, "f1_std": 0.003658193349775544, "auc": 0.9721509006254768, "auc_std": 0.0023406592943678787, "nmi": 0.579244582192636, "nmi_std": 0.006803999730319428, "ari": 0.6682117581367493, "ari_std": 0.005930996499955654, "recall_1": 0.8808, "recall_1_std": 0.00268328157299975, "recall_2": 0.9866000413894653, "recall_2_std": 0.002607673639431596}