{"dataset": "PubMed", "split": "complete", "model": "SAGE", "device": 0, "seed": 0, "runs": 5, "epochs": 200, "lr": 0.01, "weight_decay": 0.0005, "early_stopping": 0, "hidden": 16, "dropout": 0.5, "normalize_features": true, "logger": "SAGE-PubMed-complete-Adam", "optimizer": "Adam", "momentum": 0.9, "eps": 0.01, "update_freq": 50, "hyperparam": null, "alpha": 0, "regularization": null, "loss": 0.31746557354927063, "acc": 0.8744, "loss_std": 0.013275956735014915, "acc_std": 0.0038470768123342724, "duration": 18.508710861206055, "duration_std": 0.2164127081632614, "f1": 0.8676063313199298, "f1_std": 0.0037455964907481174, "auc": 0.9755769650982442, "auc_std": 0.0028094333619646124, "nmi": 0.5679595961133634, "nmi_std": 0.00906623623364885, "ari": 0.6524702310562134, "ari_std": 0.010297494009137154, "recall_1": 0.8744, "recall_1_std": 0.0038470768123342724, "recall_2": 0.9923999905586243, "recall_2_std": 0.003577715950086713}