{"dataset": "CiteSeer", "split": "full", "model": "SAGE", "device": 0, "seed": 0, "runs": 5, "epochs": 200, "lr": 0.01, "weight_decay": 0.0005, "early_stopping": 0, "hidden": 16, "dropout": 0.5, "normalize_features": true, "logger": "SAGE-CiteSeer-full-Adam", "optimizer": "Adam", "momentum": 0.9, "eps": 0.01, "update_freq": 50, "hyperparam": null, "alpha": 0, "regularization": null, "loss": 0.6755714416503906, "acc": 0.7922, "loss_std": 0.011945616453886032, "acc_std": 0.00516720427310553, "duration": 12.790026664733887, "duration_std": 0.2385217249393463, "f1": 0.7590312961001031, "f1_std": 0.005362741832234779, "auc": 0.9306640484654192, "auc_std": 0.000859917763915511, "nmi": 0.550115789865254, "nmi_std": 0.008637660470733199, "ari": 0.5826157331466675, "ari_std": 0.009383060969412327, "recall_1": 0.7922, "recall_1_std": 0.00516720427310553, "recall_2": 0.9142000079154968, "recall_2_std": 0.001643177354708314}