{"dataset": "CiteSeer", "split": "public", "model": "SAGE", "device": 0, "seed": 0, "runs": 5, "epochs": 200, "lr": 0.01, "weight_decay": 0.0005, "early_stopping": 0, "hidden": 16, "dropout": 0.5, "normalize_features": true, "logger": "SAGE-CiteSeer-public-Adam", "optimizer": "Adam", "momentum": 0.9, "eps": 0.01, "update_freq": 50, "hyperparam": null, "alpha": 0, "regularization": null, "loss": 0.9190855026245117, "acc": 0.7123999999999999, "loss_std": 0.02589910477399826, "acc_std": 0.0038470768123342724, "duration": 11.136972427368164, "duration_std": 0.15368565917015076, "f1": 0.6780040673995917, "f1_std": 0.004782774909815078, "auc": 0.8952675110707002, "auc_std": 0.00027280025367694514, "nmi": 0.43873711700548695, "nmi_std": 0.005166488561227319, "ari": 0.4637065827846527, "ari_std": 0.00641732569783926, "recall_1": 0.7123999999999999, "recall_1_std": 0.0038470768123342724, "recall_2": 0.8550000190734863, "recall_2_std": 0.004743421450257301}