{"dataset": "Cora", "split": "complete", "model": "SAGE", "device": 0, "seed": 0, "runs": 5, "epochs": 200, "lr": 0.01, "weight_decay": 0.0005, "early_stopping": 0, "hidden": 16, "dropout": 0.5, "normalize_features": true, "logger": "SAGE-Cora-complete-Adam", "optimizer": "Adam", "momentum": 0.9, "eps": 0.01, "update_freq": 50, "hyperparam": null, "alpha": 0, "regularization": null, "loss": 0.4366999566555023, "acc": 0.8964000000000001, "loss_std": 0.017404474318027496, "acc_std": 0.004335896677735763, "duration": 13.857421875, "duration_std": 0.26471155881881714, "f1": 0.8827275680373645, "f1_std": 0.004783899496440119, "auc": 0.9786107590565795, "auc_std": 0.0006074608490635278, "nmi": 0.7463348366006894, "nmi_std": 0.008309625412563675, "ari": 0.7711487412452698, "ari_std": 0.01100088283419609, "recall_1": 0.8964000000000001, "recall_1_std": 0.004335896677735763, "recall_2": 0.9567999839782715, "recall_2_std": 0.0030331385787576437}