{"dataset": "PubMed", "split": "public", "model": "SAGE", "device": 0, "seed": 0, "runs": 5, "epochs": 200, "lr": 0.01, "weight_decay": 0.0005, "early_stopping": 0, "hidden": 16, "dropout": 0.5, "normalize_features": true, "logger": "SAGE-PubMed-public-Adam", "optimizer": "Adam", "momentum": 0.9, "eps": 0.01, "update_freq": 50, "hyperparam": null, "alpha": 0, "regularization": null, "loss": 0.5752539038658142, "acc": 0.7718, "loss_std": 0.015102949924767017, "acc_std": 0.006906518659932809, "duration": 6.739128112792969, "duration_std": 0.1522742658853531, "f1": 0.7666754089297695, "f1_std": 0.0065093754015385814, "auc": 0.9082469476961001, "auc_std": 0.0030209949977096817, "nmi": 0.3570157449532608, "nmi_std": 0.01295242803645308, "ari": 0.4167829155921936, "ari_std": 0.015383392572402954, "recall_1": 0.7718, "recall_1_std": 0.006906518659932809, "recall_2": 0.9642000198364258, "recall_2_std": 0.00438179075717926}