{"dataset": "CiteSeer", "split": "complete", "model": "SAGE", "device": 0, "seed": 0, "runs": 5, "epochs": 200, "lr": 0.01, "weight_decay": 0.0005, "early_stopping": 0, "hidden": 16, "dropout": 0.5, "normalize_features": true, "logger": "SAGE-CiteSeer-complete-Adam", "optimizer": "Adam", "momentum": 0.9, "eps": 0.01, "update_freq": 50, "hyperparam": null, "alpha": 0, "regularization": null, "loss": 0.718159019947052, "acc": 0.7848, "loss_std": 0.014324745163321495, "acc_std": 0.0017888543819998333, "duration": 13.003850936889648, "duration_std": 0.3187257647514343, "f1": 0.7319983134079148, "f1_std": 0.007991999097760782, "auc": 0.9349314900247482, "auc_std": 0.00042858016712830834, "nmi": 0.5772191242768747, "nmi_std": 0.004003291638922164, "ari": 0.5914744734764099, "ari_std": 0.0016432851552963257, "recall_1": 0.7848, "recall_1_std": 0.0017888543819998333, "recall_2": 0.9148000478744507, "recall_2_std": 0.003898719558492303}