{"dataset": "Cora", "split": "full", "model": "SAGE", "device": 0, "seed": 0, "runs": 5, "epochs": 200, "lr": 0.01, "weight_decay": 0.0005, "early_stopping": 0, "hidden": 16, "dropout": 0.5, "normalize_features": true, "logger": "SAGE-Cora-full-Adam", "optimizer": "Adam", "momentum": 0.9, "eps": 0.01, "update_freq": 50, "hyperparam": null, "alpha": 0, "regularization": null, "loss": 0.40170997381210327, "acc": 0.8767999999999999, "loss_std": 0.01701122708618641, "acc_std": 0.003492849839314599, "duration": 14.0028657913208, "duration_std": 0.22203819453716278, "f1": 0.8655771154878424, "f1_std": 0.0029025235798382366, "auc": 0.9789493805421309, "auc_std": 0.0005308684836340501, "nmi": 0.7085150530406347, "nmi_std": 0.005854694246400353, "ari": 0.7464655041694641, "ari_std": 0.00836037565022707, "recall_1": 0.8767999999999999, "recall_1_std": 0.003492849839314599, "recall_2": 0.9545999765396118, "recall_2_std": 0.000894415657967329}