{"dataset": "PubMed", "split": "full", "model": "Spline", "device": 0, "seed": 0, "runs": 5, "epochs": 200, "lr": 0.01, "weight_decay": 0.0005, "early_stopping": 0, "hidden": 16, "dropout": 0.5, "normalize_features": true, "logger": "Spline-PubMed-full-Adam", "optimizer": "Adam", "momentum": 0.9, "eps": 0.01, "update_freq": 50, "hyperparam": null, "alpha": 0, "regularization": null, "loss": 0.28485020995140076, "acc": 0.8812, "loss_std": 0.02153872698545456, "acc_std": 0.005761944116355179, "duration": 22.522403717041016, "duration_std": 0.2211642861366272, "f1": 0.873904028433015, "f1_std": 0.007655974255411929, "auc": 0.971519146264909, "auc_std": 0.002897813858131706, "nmi": 0.5807122324848853, "nmi_std": 0.014935884371526428, "ari": 0.6695894002914429, "ari_std": 0.012036113999783993, "recall_1": 0.8812, "recall_1_std": 0.005761944116355179, "recall_2": 0.9855999946594238, "recall_2_std": 0.005941365379840136}