{"dataset": "Cora", "split": "complete", "model": "Spline", "device": 0, "seed": 0, "runs": 5, "epochs": 200, "lr": 0.01, "weight_decay": 0.0005, "early_stopping": 0, "hidden": 16, "dropout": 0.5, "normalize_features": true, "logger": "Spline-Cora-complete-Adam", "optimizer": "Adam", "momentum": 0.9, "eps": 0.01, "update_freq": 50, "hyperparam": null, "alpha": 0, "regularization": null, "loss": 0.44724196195602417, "acc": 0.8976000000000001, "loss_std": 0.016382722184062004, "acc_std": 0.0047749345545253325, "duration": 15.557324409484863, "duration_std": 0.29133081436157227, "f1": 0.8818178185206836, "f1_std": 0.006945196269871191, "auc": 0.9812087628341122, "auc_std": 0.0009635184624586546, "nmi": 0.7523401860955078, "nmi_std": 0.009701007209603336, "ari": 0.775088906288147, "ari_std": 0.008397556841373444, "recall_1": 0.8976000000000001, "recall_1_std": 0.0047749345545253325, "recall_2": 0.9663999676704407, "recall_2_std": 0.0029664814937859774}