{"dataset": "PubMed", "split": "complete", "model": "Spline", "device": 0, "seed": 0, "runs": 5, "epochs": 200, "lr": 0.01, "weight_decay": 0.0005, "early_stopping": 0, "hidden": 16, "dropout": 0.5, "normalize_features": true, "logger": "Spline-PubMed-complete-Adam", "optimizer": "Adam", "momentum": 0.9, "eps": 0.01, "update_freq": 50, "hyperparam": null, "alpha": 0, "regularization": null, "loss": 0.323462575674057, "acc": 0.8756, "loss_std": 0.01873280480504036, "acc_std": 0.007668115805072333, "duration": 22.63220977783203, "duration_std": 0.3159681260585785, "f1": 0.8676690815438546, "f1_std": 0.01007981894677067, "auc": 0.9750260999094535, "auc_std": 0.004034295616269835, "nmi": 0.5700062029351722, "nmi_std": 0.019988654984721185, "ari": 0.6568778157234192, "ari_std": 0.016440169885754585, "recall_1": 0.8756, "recall_1_std": 0.007668115805072333, "recall_2": 0.9916000366210938, "recall_2_std": 0.0065421657636761665}