{"dataset": "CiteSeer", "split": "public", "model": "Spline", "device": 0, "seed": 0, "runs": 5, "epochs": 200, "lr": 0.01, "weight_decay": 0.0005, "early_stopping": 0, "hidden": 16, "dropout": 0.5, "normalize_features": true, "logger": "Spline-CiteSeer-public-Adam", "optimizer": "Adam", "momentum": 0.9, "eps": 0.01, "update_freq": 50, "hyperparam": null, "alpha": 0, "regularization": null, "loss": 0.9246129989624023, "acc": 0.7081999999999999, "loss_std": 0.027758926153182983, "acc_std": 0.00605805249234439, "duration": 13.967679023742676, "duration_std": 0.2605127990245819, "f1": 0.6696972320882747, "f1_std": 0.005756362577034705, "auc": 0.891055404455059, "auc_std": 0.001635855873112755, "nmi": 0.4385937154974943, "nmi_std": 0.008795007040690011, "ari": 0.4606185555458069, "ari_std": 0.010797973722219467, "recall_1": 0.7081999999999999, "recall_1_std": 0.00605805249234439, "recall_2": 0.8564000129699707, "recall_2_std": 0.00466904928907752}