{"dataset": "Cora", "split": "full", "model": "Spline", "device": 0, "seed": 0, "runs": 5, "epochs": 200, "lr": 0.01, "weight_decay": 0.0005, "early_stopping": 0, "hidden": 16, "dropout": 0.5, "normalize_features": true, "logger": "Spline-Cora-full-Adam", "optimizer": "Adam", "momentum": 0.9, "eps": 0.01, "update_freq": 50, "hyperparam": null, "alpha": 0, "regularization": null, "loss": 0.4016377329826355, "acc": 0.8751999999999999, "loss_std": 0.014543474651873112, "acc_std": 0.0008366600265340762, "duration": 15.547582626342773, "duration_std": 0.24782150983810425, "f1": 0.8641511629626496, "f1_std": 0.0003542688462688602, "auc": 0.9785428042334328, "auc_std": 0.0003144876048988297, "nmi": 0.7084238565872242, "nmi_std": 0.002070232553713945, "ari": 0.7422524094581604, "ari_std": 0.0030235580634325743, "recall_1": 0.8751999999999999, "recall_1_std": 0.0008366600265340762, "recall_2": 0.9498000144958496, "recall_2_std": 0.0013038236647844315}