{"dataset": "CiteSeer", "split": "complete", "model": "Spline", "device": 0, "seed": 0, "runs": 5, "epochs": 200, "lr": 0.01, "weight_decay": 0.0005, "early_stopping": 0, "hidden": 16, "dropout": 0.5, "normalize_features": true, "logger": "Spline-CiteSeer-complete-Adam", "optimizer": "Adam", "momentum": 0.9, "eps": 0.01, "update_freq": 50, "hyperparam": null, "alpha": 0, "regularization": null, "loss": 0.7220339775085449, "acc": 0.7904, "loss_std": 0.02383747696876526, "acc_std": 0.0038470768123342724, "duration": 15.2621488571167, "duration_std": 0.23201939463615417, "f1": 0.7353472013672127, "f1_std": 0.012800951757895562, "auc": 0.9363331817999736, "auc_std": 0.0005012393585397621, "nmi": 0.5872411490928456, "nmi_std": 0.007300152329610056, "ari": 0.6031962633132935, "ari_std": 0.005578956566751003, "recall_1": 0.7904, "recall_1_std": 0.0038470768123342724, "recall_2": 0.9156000018119812, "recall_2_std": 0.005176871549338102}