{"dataset": "Cora", "split": "public", "model": "Spline", "device": 0, "seed": 0, "runs": 5, "epochs": 200, "lr": 0.01, "weight_decay": 0.0005, "early_stopping": 0, "hidden": 16, "dropout": 0.5, "normalize_features": true, "logger": "Spline-Cora-public-Adam", "optimizer": "Adam", "momentum": 0.9, "eps": 0.01, "update_freq": 50, "hyperparam": null, "alpha": 0, "regularization": null, "loss": 0.6833518743515015, "acc": 0.8100000000000002, "loss_std": 0.030692175030708313, "acc_std": 0.0035355339059327012, "duration": 14.449336051940918, "duration_std": 0.13963773846626282, "f1": 0.7989830988174877, "f1_std": 0.0034732578349632873, "auc": 0.9633166048662101, "auc_std": 0.00097573321168945, "nmi": 0.5930143670550225, "nmi_std": 0.005746699650865024, "ari": 0.6139240264892578, "ari_std": 0.006955947261303663, "recall_1": 0.8100000000000002, "recall_1_std": 0.0035355339059327012, "recall_2": 0.920199990272522, "recall_2_std": 0.0027748742140829563}