{"dataset": "PubMed", "split": "public", "model": "Spline", "device": 0, "seed": 0, "runs": 5, "epochs": 200, "lr": 0.01, "weight_decay": 0.0005, "early_stopping": 0, "hidden": 16, "dropout": 0.5, "normalize_features": true, "logger": "Spline-PubMed-public-Adam", "optimizer": "Adam", "momentum": 0.9, "eps": 0.01, "update_freq": 50, "hyperparam": null, "alpha": 0, "regularization": null, "loss": 0.5753978490829468, "acc": 0.7700000000000001, "loss_std": 0.015687044709920883, "acc_std": 0.003937003937005909, "duration": 9.43873405456543, "duration_std": 0.20568817853927612, "f1": 0.7637691590494702, "f1_std": 0.00454032803203745, "auc": 0.9054838759076047, "auc_std": 0.0017374032371167843, "nmi": 0.35121459636362184, "nmi_std": 0.007704171577672938, "ari": 0.4125538766384125, "ari_std": 0.008386045694351196, "recall_1": 0.7700000000000001, "recall_1_std": 0.003937003937005909, "recall_2": 0.9661999940872192, "recall_2_std": 0.0029495847411453724}