{"dataset": "CiteSeer", "split": "full", "model": "Spline", "device": 0, "seed": 0, "runs": 5, "epochs": 200, "lr": 0.01, "weight_decay": 0.0005, "early_stopping": 0, "hidden": 16, "dropout": 0.5, "normalize_features": true, "logger": "Spline-CiteSeer-full-Adam", "optimizer": "Adam", "momentum": 0.9, "eps": 0.01, "update_freq": 50, "hyperparam": null, "alpha": 0, "regularization": null, "loss": 0.6795615553855896, "acc": 0.7954000000000001, "loss_std": 0.017828643321990967, "acc_std": 0.0018165902124584966, "duration": 15.965024948120117, "duration_std": 0.23178038001060486, "f1": 0.7619390419913777, "f1_std": 0.002654273539960988, "auc": 0.928806290565664, "auc_std": 0.001242203279154478, "nmi": 0.5555714582066894, "nmi_std": 0.00820130075913694, "ari": 0.587538480758667, "ari_std": 0.004995439667254686, "recall_1": 0.7954000000000001, "recall_1_std": 0.0018165902124584966, "recall_2": 0.9156000018119812, "recall_2_std": 0.0018165881047025323}