{"dataset": "Cora", "split": "complete", "model": "Transformer", "device": 0, "seed": 0, "runs": 5, "epochs": 200, "lr": 0.01, "weight_decay": 0.0005, "early_stopping": 0, "hidden": 16, "dropout": 0.5, "normalize_features": true, "logger": "Transformer-Cora-complete-Adam", "optimizer": "Adam", "momentum": 0.9, "eps": 0.01, "update_freq": 50, "hyperparam": null, "alpha": 0, "regularization": null, "loss": 0.4349909722805023, "acc": 0.8987999999999999, "loss_std": 0.014357377775013447, "acc_std": 0.003033150177620623, "duration": 14.430618286132812, "duration_std": 0.22638514637947083, "f1": 0.8848570073865437, "f1_std": 0.0032360675421795795, "auc": 0.9801854328337376, "auc_std": 0.0006991072644939561, "nmi": 0.752522806930346, "nmi_std": 0.008442530670677654, "ari": 0.7761659026145935, "ari_std": 0.006474433932453394, "recall_1": 0.8987999999999999, "recall_1_std": 0.003033150177620623, "recall_2": 0.9687999486923218, "recall_2_std": 0.0010954636381939054}