{"dataset": "PubMed", "split": "full", "model": "Transformer", "device": 0, "seed": 0, "runs": 5, "epochs": 200, "lr": 0.01, "weight_decay": 0.0005, "early_stopping": 0, "hidden": 16, "dropout": 0.5, "normalize_features": true, "logger": "Transformer-PubMed-full-Adam", "optimizer": "Adam", "momentum": 0.9, "eps": 0.01, "update_freq": 50, "hyperparam": null, "alpha": 0, "regularization": null, "loss": 0.27359336614608765, "acc": 0.8878, "loss_std": 0.011621578596532345, "acc_std": 0.003962322551231794, "duration": 18.446643829345703, "duration_std": 0.21212413907051086, "f1": 0.8812065361210359, "f1_std": 0.0046138330221046535, "auc": 0.9740926475672238, "auc_std": 0.001683524143594568, "nmi": 0.5978209976122152, "nmi_std": 0.010438813780823253, "ari": 0.6861951351165771, "ari_std": 0.009746942669153214, "recall_1": 0.8878, "recall_1_std": 0.003962322551231794, "recall_2": 0.989799976348877, "recall_2_std": 0.001643171883188188}