{"dataset": "CiteSeer", "split": "full", "model": "Transformer", "device": 0, "seed": 0, "runs": 5, "epochs": 200, "lr": 0.01, "weight_decay": 0.0005, "early_stopping": 0, "hidden": 16, "dropout": 0.5, "normalize_features": true, "logger": "Transformer-CiteSeer-full-Adam", "optimizer": "Adam", "momentum": 0.9, "eps": 0.01, "update_freq": 50, "hyperparam": null, "alpha": 0, "regularization": null, "loss": 0.6629630923271179, "acc": 0.7954000000000001, "loss_std": 0.010898665525019169, "acc_std": 0.0035071355833500395, "duration": 12.543399810791016, "duration_std": 0.24038320779800415, "f1": 0.763624487644286, "f1_std": 0.004107624809271094, "auc": 0.9329801692448623, "auc_std": 0.0014319903939636143, "nmi": 0.5572750867899944, "nmi_std": 0.0057742262994970855, "ari": 0.5872119069099426, "ari_std": 0.006277940236032009, "recall_1": 0.7954000000000001, "recall_1_std": 0.0035071355833500395, "recall_2": 0.9175999760627747, "recall_2_std": 0.0027018627151846886}