{"dataset": "PubMed", "split": "complete", "model": "Transformer", "device": 0, "seed": 0, "runs": 5, "epochs": 200, "lr": 0.01, "weight_decay": 0.0005, "early_stopping": 0, "hidden": 16, "dropout": 0.5, "normalize_features": true, "logger": "Transformer-PubMed-complete-Adam", "optimizer": "Adam", "momentum": 0.9, "eps": 0.01, "update_freq": 50, "hyperparam": null, "alpha": 0, "regularization": null, "loss": 0.3094760775566101, "acc": 0.8800000000000001, "loss_std": 0.010198768228292465, "acc_std": 0.0040000000000000036, "duration": 17.845691680908203, "duration_std": 0.17242524027824402, "f1": 0.8730865853660859, "f1_std": 0.004897360120178084, "auc": 0.9779939559607765, "auc_std": 0.0026243795863718526, "nmi": 0.5841171763576134, "nmi_std": 0.010099332602046736, "ari": 0.6671730279922485, "ari_std": 0.009821266867220402, "recall_1": 0.8800000000000001, "recall_1_std": 0.0040000000000000036, "recall_2": 0.995199978351593, "recall_2_std": 0.0017888579750433564}