{"dataset": "PubMed", "split": "public", "model": "Transformer", "device": 0, "seed": 0, "runs": 5, "epochs": 200, "lr": 0.01, "weight_decay": 0.0005, "early_stopping": 0, "hidden": 16, "dropout": 0.5, "normalize_features": true, "logger": "Transformer-PubMed-public-Adam", "optimizer": "Adam", "momentum": 0.9, "eps": 0.01, "update_freq": 50, "hyperparam": null, "alpha": 0, "regularization": null, "loss": 0.5718380212783813, "acc": 0.7662, "loss_std": 0.008847127668559551, "acc_std": 0.005263078946776312, "duration": 6.350963592529297, "duration_std": 0.1747666597366333, "f1": 0.7611723534986354, "f1_std": 0.006029041768967946, "auc": 0.9075472600048871, "auc_std": 0.0019492026041700503, "nmi": 0.34626978814998116, "nmi_std": 0.00944586842901467, "ari": 0.4036824703216553, "ari_std": 0.01074244361370802, "recall_1": 0.7662, "recall_1_std": 0.005263078946776312, "recall_2": 0.9670000076293945, "recall_2_std": 0.0007070977007970214}