{"dataset": "Cora", "split": "public", "model": "Transformer", "device": 0, "seed": 0, "runs": 5, "epochs": 200, "lr": 0.01, "weight_decay": 0.0005, "early_stopping": 0, "hidden": 16, "dropout": 0.5, "normalize_features": true, "logger": "Transformer-Cora-public-Adam", "optimizer": "Adam", "momentum": 0.9, "eps": 0.01, "update_freq": 50, "hyperparam": null, "alpha": 0, "regularization": null, "loss": 0.6786094903945923, "acc": 0.8006, "loss_std": 0.0066847605630755424, "acc_std": 0.004722287581247042, "duration": 13.286458015441895, "duration_std": 0.28887128829956055, "f1": 0.7905715175352608, "f1_std": 0.005652931132264551, "auc": 0.9619441796898759, "auc_std": 0.0005394605896801184, "nmi": 0.5780846651713862, "nmi_std": 0.006771813566604219, "ari": 0.5947738885879517, "ari_std": 0.006986911408603191, "recall_1": 0.8006, "recall_1_std": 0.004722287581247042, "recall_2": 0.9161999821662903, "recall_2_std": 0.0019235523650422692}