{"dataset": "Cora", "split": "full", "model": "Transformer", "device": 0, "seed": 0, "runs": 5, "epochs": 200, "lr": 0.01, "weight_decay": 0.0005, "early_stopping": 0, "hidden": 16, "dropout": 0.5, "normalize_features": true, "logger": "Transformer-Cora-full-Adam", "optimizer": "Adam", "momentum": 0.9, "eps": 0.01, "update_freq": 50, "hyperparam": null, "alpha": 0, "regularization": null, "loss": 0.410994291305542, "acc": 0.8699999999999999, "loss_std": 0.008528840728104115, "acc_std": 0.0037416573867739447, "duration": 14.143610000610352, "duration_std": 0.17009474337100983, "f1": 0.8572783847216545, "f1_std": 0.004267083541080423, "auc": 0.9787340974733956, "auc_std": 8.616411662336483e-05, "nmi": 0.6999122381610209, "nmi_std": 0.0068719209225734795, "ari": 0.735207200050354, "ari_std": 0.007145525887608528, "recall_1": 0.8699999999999999, "recall_1_std": 0.0037416573867739447, "recall_2": 0.9559999704360962, "recall_2_std": 0.0015811467310413718}