{"dataset": "CiteSeer", "split": "public", "model": "Transformer", "device": 0, "seed": 0, "runs": 5, "epochs": 200, "lr": 0.01, "weight_decay": 0.0005, "early_stopping": 0, "hidden": 16, "dropout": 0.5, "normalize_features": true, "logger": "Transformer-CiteSeer-public-Adam", "optimizer": "Adam", "momentum": 0.9, "eps": 0.01, "update_freq": 50, "hyperparam": null, "alpha": 0, "regularization": null, "loss": 0.9225773811340332, "acc": 0.7068, "loss_std": 0.019631318747997284, "acc_std": 0.003962322551231794, "duration": 11.168721199035645, "duration_std": 0.24642318487167358, "f1": 0.6741643368086538, "f1_std": 0.0036997464375161976, "auc": 0.897789408791265, "auc_std": 0.001295185058956533, "nmi": 0.43357662459884094, "nmi_std": 0.00645689615013972, "ari": 0.4561355710029602, "ari_std": 0.007680285722017288, "recall_1": 0.7068, "recall_1_std": 0.003962322551231794, "recall_2": 0.8616000413894653, "recall_2_std": 0.003781550098210573}