{"dataset": "CiteSeer", "split": "complete", "model": "Transformer", "device": 0, "seed": 0, "runs": 5, "epochs": 200, "lr": 0.01, "weight_decay": 0.0005, "early_stopping": 0, "hidden": 16, "dropout": 0.5, "normalize_features": true, "logger": "Transformer-CiteSeer-complete-Adam", "optimizer": "Adam", "momentum": 0.9, "eps": 0.01, "update_freq": 50, "hyperparam": null, "alpha": 0, "regularization": null, "loss": 0.6975285410881042, "acc": 0.7936, "loss_std": 0.00881689228117466, "acc_std": 0.0016733200530681526, "duration": 12.696722030639648, "duration_std": 0.4567874073982239, "f1": 0.7409851983130605, "f1_std": 0.004377531300197104, "auc": 0.936415717559145, "auc_std": 0.0011413902341408891, "nmi": 0.5896159986829808, "nmi_std": 0.003379847095447936, "ari": 0.6070852875709534, "ari_std": 0.0036499507259577513, "recall_1": 0.7936, "recall_1_std": 0.0016733200530681526, "recall_2": 0.9179999232292175, "recall_2_std": 0.00547722028568387}